STATION,NAME,DATE,PRCP,SNOW,SNWD,TMAX,TMIN,TOBS,WDMV
USC00111497,"CHICAGO BOTANIC GARDEN, IL US",1/1/2016,0,0,3,30,18,23,
USC00111497,"CHICAGO BOTANIC GARDEN, IL US",1/2/2016,0,0,3,30,21,23,
USC00111497,"CHICAGO BOTANIC GARDEN, IL US",1/3/2016,0,0,3,36,22,28,
USC00111497,"CHICAGO BOTANIC GARDEN, IL US",1/4/2016,0,0,3,30,24,26,
USC00111497,"CHICAGO BOTANIC GARDEN, IL US",1/5/2016,0,0,3,32,19,22,
USC00111497,"CHICAGO BOTANIC GARDEN, IL US",1/6/2016,0,0,3,35,22,35,
USC00111497,"CHICAGO BOTANIC GARDEN, IL US",1/7/2016,0,0,2,38,25,36,
USC00111497,"CHICAGO BOTANIC GARDEN, IL US",1/8/2016,0,0,1,42,34,38,
USC00111497,"CHICAGO BOTANIC GARDEN, IL US",1/9/2016,0.17,0,0,43,36,36,
USC00111497,"CHICAGO BOTANIC GARDEN, IL US",1/10/2016,0.33,1.5,3,37,12,12,
USC00111497,"CHICAGO BOTANIC GARDEN, IL US",1/11/2016,0,0,3,17,-2,0,
USC00111497,"CHICAGO BOTANIC GARDEN, IL US",1/12/2016,0.07,1.5,5,23,0,5,
USC00111497,"CHICAGO BOTANIC GARDEN, IL US",1/13/2016,0,0,4,12,-1,2,
USC00111497,"CHICAGO BOTANIC GARDEN, IL US",1/14/2016,0.01,0,3,30,2,30,
USC00111497,"CHICAGO BOTANIC GARDEN, IL US",1/15/2016,0,0,1,46,29,40,
USC00111497,"CHICAGO BOTANIC GARDEN, IL US",1/16/2016,0,0,1,41,23,25,
USC00111497,"CHICAGO BOTANIC GARDEN, IL US",1/17/2016,0,0,1,30,0,0,
USC00111497,"CHICAGO BOTANIC GARDEN, IL US",1/18/2016,0,0,1,6,-4,-3,
USC00111497,"CHICAGO BOTANIC GARDEN, IL US",1/19/2016,0,0,1,8,-3,1,
USC00111497,"CHICAGO BOTANIC GARDEN, IL US",1/20/2016,0.04,0.6,2,20,1,16,
USC00111497,"CHICAGO BOTANIC GARDEN, IL US",1/21/2016,0,0,1,25,11,15,
USC00111497,"CHICAGO BOTANIC GARDEN, IL US",1/22/2016,0,0,1,30,13,25,
USC00111497,"CHICAGO BOTANIC GARDEN, IL US",1/23/2016,0.03,0.1,1,32,22,24,
USC00111497,"CHICAGO BOTANIC GARDEN, IL US",1/24/2016,0,0,1,37,23,25,
USC00111497,"CHICAGO BOTANIC GARDEN, IL US",1/25/2016,0,0,1,34,21,29,
USC00111497,"CHICAGO BOTANIC GARDEN, IL US",1/26/2016,0.06,0,1,41,29,32,
USC00111497,"CHICAGO BOTANIC GARDEN, IL US",1/27/2016,0.01,0,1,32,22,27,
USC00111497,"CHICAGO BOTANIC GARDEN, IL US",1/28/2016,0,0,0,35,26,33,
USC00111497,"CHICAGO BOTANIC GARDEN, IL US",1/29/2016,0,0,0,40,18,20,
USC00111497,"CHICAGO BOTANIC GARDEN, IL US",1/30/2016,0,0,0,38,20,36,
USC00111497,"CHICAGO BOTANIC GARDEN, IL US",1/31/2016,0,0,0,49,35,39,
USC00111497,"CHICAGO BOTANIC GARDEN, IL US",2/1/2016,0,0,0,49,28,32,
USC00111497,"CHICAGO BOTANIC GARDEN, IL US",2/2/2016,0,0,0,46,25,35,
USC00111497,"CHICAGO BOTANIC GARDEN, IL US",2/3/2016,0.95,0,0,37,32,36,
USC00111497,"CHICAGO BOTANIC GARDEN, IL US",2/4/2016,0,0,0,38,20,21,
USC00111497,"CHICAGO BOTANIC GARDEN, IL US",2/5/2016,0,0,0,34,19,29,
USC00111497,"CHICAGO BOTANIC GARDEN, IL US",2/6/2016,0,0,0,35,25,27,
USC00111497,"CHICAGO BOTANIC GARDEN, IL US",2/7/2016,0,0,0,43,27,40,
USC00111497,"CHICAGO BOTANIC GARDEN, IL US",2/8/2016,0.01,0.2,0,45,28,30,
USC00111497,"CHICAGO BOTANIC GARDEN, IL US",2/9/2016,0.06,1.7,2,30,15,16,
USC00111497,"CHICAGO BOTANIC GARDEN, IL US",2/10/2016,0,0,2,22,8,11,
USC00111497,"CHICAGO BOTANIC GARDEN, IL US",2/11/2016,0,0,1,20,5,7,
USC00111497,"CHICAGO BOTANIC GARDEN, IL US",2/12/2016,0,0,1,24,7,20,
USC00111497,"CHICAGO BOTANIC GARDEN, IL US",2/13/2016,0,0,1,24,2,4,
USC00111497,"CHICAGO BOTANIC GARDEN, IL US",2/14/2016,0,0,1,18,4,17,
USC00111497,"CHICAGO BOTANIC GARDEN, IL US",2/15/2016,0.08,0.6,1,22,15,22,
USC00111497,"CHICAGO BOTANIC GARDEN, IL US",2/16/2016,0,0,1,30,22,27,
USC00111497,"CHICAGO BOTANIC GARDEN, IL US",2/17/2016,0.07,0.7,2,37,20,24,
USC00111497,"CHICAGO BOTANIC GARDEN, IL US",2/18/2016,0,0,1,34,15,28,
USC00111497,"CHICAGO BOTANIC GARDEN, IL US",2/19/2016,0,0,0,50,28,50,
USC00111497,"CHICAGO BOTANIC GARDEN, IL US",2/20/2016,0,0,0,64,42,47,
USC00111497,"CHICAGO BOTANIC GARDEN, IL US",2/21/2016,0,0,0,58,34,38,
USC00111497,"CHICAGO BOTANIC GARDEN, IL US",2/22/2016,0,0,0,40,25,33,
USC00111497,"CHICAGO BOTANIC GARDEN, IL US",2/23/2016,0,0,0,42,24,33,
USC00111497,"CHICAGO BOTANIC GARDEN, IL US",2/24/2016,0,0,0,42,33,36,
USC00111497,"CHICAGO BOTANIC GARDEN, IL US",2/25/2016,0.03,0.3,0,36,30,32,
USC00111497,"CHICAGO BOTANIC GARDEN, IL US",2/26/2016,0,0,0,38,25,30,
USC00111497,"CHICAGO BOTANIC GARDEN, IL US",2/27/2016,0,0,0,35,29,33,
USC00111497,"CHICAGO BOTANIC GARDEN, IL US",2/28/2016,0,0,0,57,33,51,
USC00111497,"CHICAGO BOTANIC GARDEN, IL US",2/29/2016,0.01,0,0,63,31,37,
USC00111497,"CHICAGO BOTANIC GARDEN, IL US",3/1/2016,0.14,0.5,1,52,27,29,
USC00111497,"CHICAGO BOTANIC GARDEN, IL US",3/2/2016,0.11,0.5,2,29,10,16,
USC00111497,"CHICAGO BOTANIC GARDEN, IL US",3/3/2016,0.04,0.6,3,35,16,30,
USC00111497,"CHICAGO BOTANIC GARDEN, IL US",3/4/2016,0,0,2,35,12,27,
USC00111497,"CHICAGO BOTANIC GARDEN, IL US",3/5/2016,0.03,0.3,2,41,26,35,
USC00111497,"CHICAGO BOTANIC GARDEN, IL US",3/6/2016,0,0,0,39,34,36,
USC00111497,"CHICAGO BOTANIC GARDEN, IL US",3/7/2016,0,0,0,52,36,52,
USC00111497,"CHICAGO BOTANIC GARDEN, IL US",3/8/2016,0,0,0,65,52,61,
USC00111497,"CHICAGO BOTANIC GARDEN, IL US",3/9/2016,0.17,0,0,71,57,60,
USC00111497,"CHICAGO BOTANIC GARDEN, IL US",3/10/2016,0.03,0,0,65,42,46,
USC00111497,"CHICAGO BOTANIC GARDEN, IL US",3/11/2016,0,0,0,49,31,39,
USC00111497,"CHICAGO BOTANIC GARDEN, IL US",3/12/2016,0,0,0,47,30,40,
USC00111497,"CHICAGO BOTANIC GARDEN, IL US",3/13/2016,0.04,0,0,60,39,45,
USC00111497,"CHICAGO BOTANIC GARDEN, IL US",3/14/2016,0.69,0,0,45,40,44,
USC00111497,"CHICAGO BOTANIC GARDEN, IL US",3/15/2016,0,0,0,53,39,46,
USC00111497,"CHICAGO BOTANIC GARDEN, IL US",3/16/2016,0.17,0,0,55,44,47,
USC00111497,"CHICAGO BOTANIC GARDEN, IL US",3/17/2016,0.01,0,0,58,40,43,
USC00111497,"CHICAGO BOTANIC GARDEN, IL US",3/18/2016,0,0,0,57,32,35,
USC00111497,"CHICAGO BOTANIC GARDEN, IL US",3/19/2016,0,0,0,46,33,36,
USC00111497,"CHICAGO BOTANIC GARDEN, IL US",3/20/2016,0,0,0,45,29,30,
USC00111497,"CHICAGO BOTANIC GARDEN, IL US",3/21/2016,0,0,0,43,29,33,
USC00111497,"CHICAGO BOTANIC GARDEN, IL US",3/22/2016,0,0,0,46,32,46,
USC00111497,"CHICAGO BOTANIC GARDEN, IL US",3/23/2016,0,0,0,61,37,38,
USC00111497,"CHICAGO BOTANIC GARDEN, IL US",3/24/2016,0.38,0,0,43,31,38,
USC00111497,"CHICAGO BOTANIC GARDEN, IL US",3/25/2016,0.28,0.3,0,39,28,29,
USC00111497,"CHICAGO BOTANIC GARDEN, IL US",3/26/2016,0,0,0,42,29,37,
USC00111497,"CHICAGO BOTANIC GARDEN, IL US",3/27/2016,0,0,0,50,35,45,
USC00111497,"CHICAGO BOTANIC GARDEN, IL US",3/28/2016,0.2,0,0,63,40,42,
USC00111497,"CHICAGO BOTANIC GARDEN, IL US",3/29/2016,0,0,0,53,30,37,
USC00111497,"CHICAGO BOTANIC GARDEN, IL US",3/30/2016,0,0,0,55,36,45,
USC00111497,"CHICAGO BOTANIC GARDEN, IL US",3/31/2016,0.17,0,0,65,45,60,
USC00111497,"CHICAGO BOTANIC GARDEN, IL US",4/1/2016,0.32,0,0,69,38,40,
USC00111497,"CHICAGO BOTANIC GARDEN, IL US",4/2/2016,0.15,0,0,52,31,31,
USC00111497,"CHICAGO BOTANIC GARDEN, IL US",4/3/2016,0.01,0.1,0,42,26,32,
USC00111497,"CHICAGO BOTANIC GARDEN, IL US",4/4/2016,0,0,0,71,32,34,
USC00111497,"CHICAGO BOTANIC GARDEN, IL US",4/5/2016,0.01,0.1,0,35,25,32,
USC00111497,"CHICAGO BOTANIC GARDEN, IL US",4/6/2016,0.22,0,0,45,32,45,
USC00111497,"CHICAGO BOTANIC GARDEN, IL US",4/7/2016,0.25,0,0,50,36,37,
USC00111497,"CHICAGO BOTANIC GARDEN, IL US",4/8/2016,0.07,0,0,42,32,35,
USC00111497,"CHICAGO BOTANIC GARDEN, IL US",4/9/2016,0.09,0.8,1,43,21,25,
USC00111497,"CHICAGO BOTANIC GARDEN, IL US",4/10/2016,0.02,0,0,43,22,37,
USC00111497,"CHICAGO BOTANIC GARDEN, IL US",4/11/2016,0.06,0,0,50,37,46,
USC00111497,"CHICAGO BOTANIC GARDEN, IL US",4/12/2016,0,0,0,53,28,35,
USC00111497,"CHICAGO BOTANIC GARDEN, IL US",4/13/2016,0,0,0,45,32,42,
USC00111497,"CHICAGO BOTANIC GARDEN, IL US",4/14/2016,0,0,0,51,35,43,
USC00111497,"CHICAGO BOTANIC GARDEN, IL US",4/15/2016,0,0,0,56,37,45,
USC00111497,"CHICAGO BOTANIC GARDEN, IL US",4/16/2016,0,0,0,56,38,49,
USC00111497,"CHICAGO BOTANIC GARDEN, IL US",4/17/2016,0,0,0,65,40,53,
USC00111497,"CHICAGO BOTANIC GARDEN, IL US",4/18/2016,0,0,0,71,43,55,
USC00111497,"CHICAGO BOTANIC GARDEN, IL US",4/19/2016,0,0,0,76,42,45,
USC00111497,"CHICAGO BOTANIC GARDEN, IL US",4/20/2016,0,0,0,54,44,50,
USC00111497,"CHICAGO BOTANIC GARDEN, IL US",4/21/2016,0.46,0,0,65,49,59,
USC00111497,"CHICAGO BOTANIC GARDEN, IL US",4/22/2016,0,0,0,70,41,42,
USC00111497,"CHICAGO BOTANIC GARDEN, IL US",4/23/2016,0,0,0,48,40,44,
USC00111497,"CHICAGO BOTANIC GARDEN, IL US",4/24/2016,0,0,0,55,38,53,
USC00111497,"CHICAGO BOTANIC GARDEN, IL US",4/25/2016,0,0,0,72,52,65,
USC00111497,"CHICAGO BOTANIC GARDEN, IL US",4/26/2016,0.06,0,0,84,41,43,
USC00111497,"CHICAGO BOTANIC GARDEN, IL US",4/27/2016,0,0,0,45,40,42,
USC00111497,"CHICAGO BOTANIC GARDEN, IL US",4/28/2016,0.88,0,0,50,40,42,
USC00111497,"CHICAGO BOTANIC GARDEN, IL US",4/29/2016,0.02,0,0,48,41,43,
USC00111497,"CHICAGO BOTANIC GARDEN, IL US",4/30/2016,0,0,0,49,41,45,
USC00111497,"CHICAGO BOTANIC GARDEN, IL US",5/1/2016,0.7,0,0,47,41,42,
USC00111497,"CHICAGO BOTANIC GARDEN, IL US",5/2/2016,0.6,0,0,48,42,46,
USC00111497,"CHICAGO BOTANIC GARDEN, IL US",5/3/2016,0,0,0,56,36,52,11.8
USC00111497,"CHICAGO BOTANIC GARDEN, IL US",5/4/2016,0.22,0,0,69,42,47,44.7
USC00111497,"CHICAGO BOTANIC GARDEN, IL US",5/5/2016,0,,,50,40,44,78.9
USC00111497,"CHICAGO BOTANIC GARDEN, IL US",5/6/2016,0.02,,,59,39,58,23
USC00111497,"CHICAGO BOTANIC GARDEN, IL US",5/7/2016,0.02,0,0,83,51,51,34.2
USC00111497,"CHICAGO BOTANIC GARDEN, IL US",5/8/2016,0,0,0,58,37,52,42.9
USC00111497,"CHICAGO BOTANIC GARDEN, IL US",5/9/2016,0,0,0,72,46,56,14.3
USC00111497,"CHICAGO BOTANIC GARDEN, IL US",5/10/2016,1.17,0,0,56,47,49,24.2
USC00111497,"CHICAGO BOTANIC GARDEN, IL US",5/11/2016,0.35,0,0,57,47,52,6.2
USC00111497,"CHICAGO BOTANIC GARDEN, IL US",5/12/2016,0.39,,,62,48,60,5
USC00111497,"CHICAGO BOTANIC GARDEN, IL US",5/13/2016,0.04,,,72,48,54,29.8
USC00111497,"CHICAGO BOTANIC GARDEN, IL US",5/14/2016,0.75,0,0,69,41,42,34.8
USC00111497,"CHICAGO BOTANIC GARDEN, IL US",5/15/2016,0.01,0,0,48,31,42,23
USC00111497,"CHICAGO BOTANIC GARDEN, IL US",5/16/2016,0,0,0,57,41,55,29.2
USC00111497,"CHICAGO BOTANIC GARDEN, IL US",5/17/2016,0.15,0,0,73,45,48,44.7
USC00111497,"CHICAGO BOTANIC GARDEN, IL US",5/18/2016,0,0,0,55,38,51,36
USC00111497,"CHICAGO BOTANIC GARDEN, IL US",5/19/2016,0,,,61,36,49,8.7
USC00111497,"CHICAGO BOTANIC GARDEN, IL US",5/20/2016,0,,,69,41,57,3.7
USC00111497,"CHICAGO BOTANIC GARDEN, IL US",5/21/2016,0,0,0,65,51,59,9.9
USC00111497,"CHICAGO BOTANIC GARDEN, IL US",5/22/2016,0,0,0,73,46,65,8.7
USC00111497,"CHICAGO BOTANIC GARDEN, IL US",5/23/2016,0,0,0,74,45,61,6.2
USC00111497,"CHICAGO BOTANIC GARDEN, IL US",5/24/2016,0,0,0,80,57,66,11.2
USC00111497,"CHICAGO BOTANIC GARDEN, IL US",5/25/2016,0,0,0,88,64,73,19.9
USC00111497,"CHICAGO BOTANIC GARDEN, IL US",5/26/2016,0.88,0,0,85,62,70,19.3
USC00111497,"CHICAGO BOTANIC GARDEN, IL US",5/27/2016,0,0,0,86,66,70,19.3
USC00111497,"CHICAGO BOTANIC GARDEN, IL US",5/28/2016,0.45,0,0,84,67,70,32.9
USC00111497,"CHICAGO BOTANIC GARDEN, IL US",5/29/2016,0.1,0,0,83,63,70,49.1
USC00111497,"CHICAGO BOTANIC GARDEN, IL US",5/30/2016,0,0,0,82,59,71,19.9
USC00111497,"CHICAGO BOTANIC GARDEN, IL US",5/31/2016,0,0,0,83,59,67,3.1
USC00111497,"CHICAGO BOTANIC GARDEN, IL US",6/1/2016,1.03,0,0,78,60,62,6.2
USC00111497,"CHICAGO BOTANIC GARDEN, IL US",6/2/2016,0.1,,,81,55,67,6.2
USC00111497,"CHICAGO BOTANIC GARDEN, IL US",6/3/2016,0,,,81,53,65,8.7
USC00111497,"CHICAGO BOTANIC GARDEN, IL US",6/4/2016,0,0,0,80,59,70,6.8
USC00111497,"CHICAGO BOTANIC GARDEN, IL US",6/5/2016,0.58,0,0,75,60,63,8.7
USC00111497,"CHICAGO BOTANIC GARDEN, IL US",6/6/2016,0.01,0,0,80,56,69,21.1
USC00111497,"CHICAGO BOTANIC GARDEN, IL US",6/7/2016,0,0,0,82,53,58,24.2
USC00111497,"CHICAGO BOTANIC GARDEN, IL US",6/8/2016,0,0,0,66,48,58,9.9
USC00111497,"CHICAGO BOTANIC GARDEN, IL US",6/9/2016,0,,,66,48,63,9.9
USC00111497,"CHICAGO BOTANIC GARDEN, IL US",6/10/2016,0.54,,,74,60,67,9.9
USC00111497,"CHICAGO BOTANIC GARDEN, IL US",6/11/2016,0,0,0,92,66,77,14.9
USC00111497,"CHICAGO BOTANIC GARDEN, IL US",6/12/2016,0,0,0,94,58,62,19.9
USC00111497,"CHICAGO BOTANIC GARDEN, IL US",6/13/2016,0,0,0,68,52,62,21.7
USC00111497,"CHICAGO BOTANIC GARDEN, IL US",6/14/2016,0,0,0,80,59,66,3.7
USC00111497,"CHICAGO BOTANIC GARDEN, IL US",6/15/2016,0.39,0,0,85,65,71,16.2
USC00111497,"CHICAGO BOTANIC GARDEN, IL US",6/16/2016,0,,,89,67,72,8.7
USC00111497,"CHICAGO BOTANIC GARDEN, IL US",6/17/2016,0,,,72,59,65,26.1
USC00111497,"CHICAGO BOTANIC GARDEN, IL US",6/18/2016,0,0,0,84,56,66,3.7
USC00111497,"CHICAGO BOTANIC GARDEN, IL US",6/19/2016,0,0,0,84,59,73,1.2
USC00111497,"CHICAGO BOTANIC GARDEN, IL US",6/20/2016,0,0,0,92,72,81,14.3
USC00111497,"CHICAGO BOTANIC GARDEN, IL US",6/21/2016,0.02,0,0,93,59,69,18
USC00111497,"CHICAGO BOTANIC GARDEN, IL US",6/22/2016,0,0,0,85,61,71,8.7
USC00111497,"CHICAGO BOTANIC GARDEN, IL US",6/23/2016,0.89,0,0,82,64,66,5
USC00111497,"CHICAGO BOTANIC GARDEN, IL US",6/24/2016,0,,,78,62,68,16.8
USC00111497,"CHICAGO BOTANIC GARDEN, IL US",6/25/2016,0,0,0,81,60,73,5
USC00111497,"CHICAGO BOTANIC GARDEN, IL US",6/26/2016,0.01,0,0,90,73,76,29.8
USC00111497,"CHICAGO BOTANIC GARDEN, IL US",6/27/2016,0,0,0,90,67,78,6.2
USC00111497,"CHICAGO BOTANIC GARDEN, IL US",6/28/2016,0,0,0,90,60,64,19.3
USC00111497,"CHICAGO BOTANIC GARDEN, IL US",6/29/2016,0,0,0,70,51,64,16.2
USC00111497,"CHICAGO BOTANIC GARDEN, IL US",6/30/2016,0,,,78,53,66,1.9
USC00111497,"CHICAGO BOTANIC GARDEN, IL US",7/1/2016,0,0,0,82,61,64,18
USC00111497,"CHICAGO BOTANIC GARDEN, IL US",7/2/2016,0,0,0,71,52,60,13
USC00111497,"CHICAGO BOTANIC GARDEN, IL US",7/3/2016,0,0,0,77,53,66,3.1
USC00111497,"CHICAGO BOTANIC GARDEN, IL US",7/4/2016,0,0,0,76,64,66,5
USC00111497,"CHICAGO BOTANIC GARDEN, IL US",7/5/2016,0,0,0,79,63,74,3.1
USC00111497,"CHICAGO BOTANIC GARDEN, IL US",7/6/2016,0.73,0,0,89,66,68,11.8
USC00111497,"CHICAGO BOTANIC GARDEN, IL US",7/7/2016,0,0,0,91,68,75,8.7
USC00111497,"CHICAGO BOTANIC GARDEN, IL US",7/8/2016,0,0,0,83,65,75,3.7
USC00111497,"CHICAGO BOTANIC GARDEN, IL US",7/9/2016,0,0,0,88,63,67,21.7
USC00111497,"CHICAGO BOTANIC GARDEN, IL US",7/10/2016,0,0,0,77,57,66,11.2
USC00111497,"CHICAGO BOTANIC GARDEN, IL US",7/11/2016,0,0,0,81,65,75,11.2
USC00111497,"CHICAGO BOTANIC GARDEN, IL US",7/12/2016,0,0,0,92,74,78,49.7
USC00111497,"CHICAGO BOTANIC GARDEN, IL US",7/13/2016,0,0,0,92,68,79,24.2
USC00111497,"CHICAGO BOTANIC GARDEN, IL US",7/14/2016,0.01,,,89,66,72,23
USC00111497,"CHICAGO BOTANIC GARDEN, IL US",7/15/2016,0,,,90,63,68,24.9
USC00111497,"CHICAGO BOTANIC GARDEN, IL US",7/16/2016,0.02,0,,78,56,65,8.7
USC00111497,"CHICAGO BOTANIC GARDEN, IL US",7/17/2016,0,0,0,78,58,69,11.2
USC00111497,"CHICAGO BOTANIC GARDEN, IL US",7/18/2016,0.12,,0,87,66,77,29.8
USC00111497,"CHICAGO BOTANIC GARDEN, IL US",7/19/2016,0,0,0,86,63,73,3.1
USC00111497,"CHICAGO BOTANIC GARDEN, IL US",7/20/2016,0,0,0,86,65,75,1.9
USC00111497,"CHICAGO BOTANIC GARDEN, IL US",7/21/2016,0,,,92,72,81,9.9
USC00111497,"CHICAGO BOTANIC GARDEN, IL US",7/22/2016,0.83,,,93,69,74,28
USC00111497,"CHICAGO BOTANIC GARDEN, IL US",7/23/2016,0,,,93,74,81,1.9
USC00111497,"CHICAGO BOTANIC GARDEN, IL US",7/24/2016,3.76,0,0,90,69,75,18
USC00111497,"CHICAGO BOTANIC GARDEN, IL US",7/25/2016,0.05,0,0,95,71,76,26.1
USC00111497,"CHICAGO BOTANIC GARDEN, IL US",7/26/2016,0,0,0,86,65,72,3.1
USC00111497,"CHICAGO BOTANIC GARDEN, IL US",7/27/2016,0,0,0,86,65,71,1.2
USC00111497,"CHICAGO BOTANIC GARDEN, IL US",7/28/2016,0,,,90,67,73,1.9
USC00111497,"CHICAGO BOTANIC GARDEN, IL US",7/29/2016,0.13,,,83,68,75,8.7
USC00111497,"CHICAGO BOTANIC GARDEN, IL US",7/30/2016,0.1,0,0,82,68,71,3.7
USC00111497,"CHICAGO BOTANIC GARDEN, IL US",7/31/2016,0,0,0,78,63,70,6.8
USC00111497,"CHICAGO BOTANIC GARDEN, IL US",8/1/2016,0,0,0,80,63,69,3.7
USC00111497,"CHICAGO BOTANIC GARDEN, IL US",8/2/2016,0,0,0,82,64,71,5
USC00111497,"CHICAGO BOTANIC GARDEN, IL US",8/3/2016,0,0,0,85,65,75,1.9
USC00111497,"CHICAGO BOTANIC GARDEN, IL US",8/4/2016,0,,,89,66,76,1.2
USC00111497,"CHICAGO BOTANIC GARDEN, IL US",8/5/2016,0,,,94,71,73,8.7
USC00111497,"CHICAGO BOTANIC GARDEN, IL US",8/6/2016,0.03,0,0,87,63,67,0
USC00111497,"CHICAGO BOTANIC GARDEN, IL US",8/7/2016,0,0,0,83,60,69,5
USC00111497,"CHICAGO BOTANIC GARDEN, IL US",8/8/2016,0,0,0,84,67,72,1.2
USC00111497,"CHICAGO BOTANIC GARDEN, IL US",8/9/2016,0,0,0,83,65,73,5
USC00111497,"CHICAGO BOTANIC GARDEN, IL US",8/10/2016,0,0,0,88,66,75,1.9
USC00111497,"CHICAGO BOTANIC GARDEN, IL US",8/11/2016,0,,,88,69,79,3.1
USC00111497,"CHICAGO BOTANIC GARDEN, IL US",8/12/2016,0,,,95,75,78,19.9
USC00111497,"CHICAGO BOTANIC GARDEN, IL US",8/13/2016,0.2,,,81,73,75,1.9
USC00111497,"CHICAGO BOTANIC GARDEN, IL US",8/14/2016,0,0,0,87,65,70,11.2
USC00111497,"CHICAGO BOTANIC GARDEN, IL US",8/15/2016,0,0,0,85,65,70,1.9
USC00111497,"CHICAGO BOTANIC GARDEN, IL US",8/16/2016,0.06,0,0,79,70,75,6.8
USC00111497,"CHICAGO BOTANIC GARDEN, IL US",8/17/2016,0,0,0,86,67,75,5
USC00111497,"CHICAGO BOTANIC GARDEN, IL US",8/18/2016,0.97,,,91,68,69,6.8
USC00111497,"CHICAGO BOTANIC GARDEN, IL US",8/19/2016,0,,,91,68,73,14.3
USC00111497,"CHICAGO BOTANIC GARDEN, IL US",8/20/2016,0.22,0,0,86,67,73,26.1
USC00111497,"CHICAGO BOTANIC GARDEN, IL US",8/21/2016,0.81,0,0,81,57,62,19.3
USC00111497,"CHICAGO BOTANIC GARDEN, IL US",8/22/2016,0,0,0,76,53,58,11.2
USC00111497,"CHICAGO BOTANIC GARDEN, IL US",8/23/2016,0,0,0,81,58,68,14.3
USC00111497,"CHICAGO BOTANIC GARDEN, IL US",8/24/2016,0.03,0,0,85,67,72,52.8
USC00111497,"CHICAGO BOTANIC GARDEN, IL US",8/25/2016,0.21,,,86,70,72,16.2
USC00111497,"CHICAGO BOTANIC GARDEN, IL US",8/26/2016,0,,,84,63,67,1.9
USC00111497,"CHICAGO BOTANIC GARDEN, IL US",8/27/2016,0.62,0,0,80,65,69,3.7
USC00111497,"CHICAGO BOTANIC GARDEN, IL US",8/28/2016,0.4,0,0,85,69,72,8.1
USC00111497,"CHICAGO BOTANIC GARDEN, IL US",8/29/2016,0,0,0,81,67,71,3.7
USC00111497,"CHICAGO BOTANIC GARDEN, IL US",8/30/2016,0.18,0,0,84,70,74,1.9
USC00111497,"CHICAGO BOTANIC GARDEN, IL US",8/31/2016,0.54,0,0,85,66,69,9.9
USC00111497,"CHICAGO BOTANIC GARDEN, IL US",9/1/2016,0.01,0,0,76,61,65,34.8
USC00111497,"CHICAGO BOTANIC GARDEN, IL US",9/2/2016,0.03,0,0,72,59,64,31.7
USC00111497,"CHICAGO BOTANIC GARDEN, IL US",9/3/2016,0,0,0,75,56,60,6.2
USC00111497,"CHICAGO BOTANIC GARDEN, IL US",9/4/2016,0,0,0,76,57,63,3.7
USC00111497,"CHICAGO BOTANIC GARDEN, IL US",9/5/2016,0,0,0,82,62,70,11.2
USC00111497,"CHICAGO BOTANIC GARDEN, IL US",9/6/2016,0,0,0,89,70,79,24.2
USC00111497,"CHICAGO BOTANIC GARDEN, IL US",9/7/2016,0,0,0,93,73,80,19.9
USC00111497,"CHICAGO BOTANIC GARDEN, IL US",9/8/2016,0.97,0,0,89,71,72,13
USC00111497,"CHICAGO BOTANIC GARDEN, IL US",9/9/2016,0.02,0,0,83,61,68,6.2
USC00111497,"CHICAGO BOTANIC GARDEN, IL US",9/10/2016,0,0,0,83,65,68,8.1
USC00111497,"CHICAGO BOTANIC GARDEN, IL US",9/11/2016,0.04,0,0,74,52,56,14.9
USC00111497,"CHICAGO BOTANIC GARDEN, IL US",9/12/2016,0,0,0,77,55,62,5
USC00111497,"CHICAGO BOTANIC GARDEN, IL US",9/13/2016,0,0,0,79,61,68,26.7
USC00111497,"CHICAGO BOTANIC GARDEN, IL US",9/14/2016,0.13,0,0,85,63,66,16.8
USC00111497,"CHICAGO BOTANIC GARDEN, IL US",9/15/2016,0,0,0,75,58,65,3.7
USC00111497,"CHICAGO BOTANIC GARDEN, IL US",9/16/2016,0,0,0,77,64,69,19.3
USC00111497,"CHICAGO BOTANIC GARDEN, IL US",9/17/2016,0.06,0,0,84,67,67,32.9
USC00111497,"CHICAGO BOTANIC GARDEN, IL US",9/18/2016,0,0,0,80,56,60,11.2
USC00111497,"CHICAGO BOTANIC GARDEN, IL US",9/19/2016,0,0,0,81,59,63,
USC00111497,"CHICAGO BOTANIC GARDEN, IL US",9/20/2016,0.03,0,0,87,63,65,19.3
USC00111497,"CHICAGO BOTANIC GARDEN, IL US",9/21/2016,0.33,0,0,81,61,66,3.7
USC00111497,"CHICAGO BOTANIC GARDEN, IL US",9/22/2016,0.15,0,0,73,62,67,11.8
USC00111497,"CHICAGO BOTANIC GARDEN, IL US",9/23/2016,0.03,0,0,81,64,65,11.8
USC00111497,"CHICAGO BOTANIC GARDEN, IL US",9/24/2016,0,0,0,73,64,65,16.2
USC00111497,"CHICAGO BOTANIC GARDEN, IL US",9/25/2016,0,0,0,73,63,64,3.1
USC00111497,"CHICAGO BOTANIC GARDEN, IL US",9/26/2016,0.19,0,0,83,58,58,19.9
USC00111497,"CHICAGO BOTANIC GARDEN, IL US",9/27/2016,0,0,0,69,50,54,24.2
USC00111497,"CHICAGO BOTANIC GARDEN, IL US",9/28/2016,0.02,0,0,69,49,53,26.1
USC00111497,"CHICAGO BOTANIC GARDEN, IL US",9/29/2016,0.3,0,0,60,52,59,83.9
USC00111497,"CHICAGO BOTANIC GARDEN, IL US",9/30/2016,0.15,0,0,63,58,60,16.8
USC00111497,"CHICAGO BOTANIC GARDEN, IL US",10/1/2016,0.06,0,0,67,58,60,3.1
USC00111497,"CHICAGO BOTANIC GARDEN, IL US",10/2/2016,0.71,0,0,67,56,58,1.9
USC00111497,"CHICAGO BOTANIC GARDEN, IL US",10/3/2016,0.12,0,0,64,55,58,1.2
USC00111497,"CHICAGO BOTANIC GARDEN, IL US",10/4/2016,0,0,0,67,57,62,1.2
USC00111497,"CHICAGO BOTANIC GARDEN, IL US",10/5/2016,0,0,0,72,57,69,8.1
USC00111497,"CHICAGO BOTANIC GARDEN, IL US",10/6/2016,0.05,0,0,79,54,64,16.8
USC00111497,"CHICAGO BOTANIC GARDEN, IL US",10/7/2016,0.09,0,0,73,62,67,14.3
USC00111497,"CHICAGO BOTANIC GARDEN, IL US",10/8/2016,0,0,0,72,38,41,14.9
USC00111497,"CHICAGO BOTANIC GARDEN, IL US",10/9/2016,0,0,0,64,41,54,5
USC00111497,"CHICAGO BOTANIC GARDEN, IL US",10/10/2016,0,0,0,63,44,47,8.7
USC00111497,"CHICAGO BOTANIC GARDEN, IL US",10/11/2016,0,0,0,68,47,60,8.7
USC00111497,"CHICAGO BOTANIC GARDEN, IL US",10/12/2016,0.01,0,0,74,58,63,28
USC00111497,"CHICAGO BOTANIC GARDEN, IL US",10/13/2016,0.19,0,0,71,38,40,18
USC00111497,"CHICAGO BOTANIC GARDEN, IL US",10/14/2016,0,0,0,55,36,40,3.7
USC00111497,"CHICAGO BOTANIC GARDEN, IL US",10/15/2016,0,0,0,66,39,57,34.2
USC00111497,"CHICAGO BOTANIC GARDEN, IL US",10/16/2016,0.41,0,0,70,57,65,42.9
USC00111497,"CHICAGO BOTANIC GARDEN, IL US",10/17/2016,0.02,0,0,73,64,69,14.3
USC00111497,"CHICAGO BOTANIC GARDEN, IL US",10/18/2016,0,0,0,82,69,71,72.7
USC00111497,"CHICAGO BOTANIC GARDEN, IL US",10/19/2016,0,0,0,75,46,50,11.8
USC00111497,"CHICAGO BOTANIC GARDEN, IL US",10/20/2016,0.1,0,0,69,49,52,14.9
USC00111497,"CHICAGO BOTANIC GARDEN, IL US",10/21/2016,0,0,0,54,42,45,75.8
USC00111497,"CHICAGO BOTANIC GARDEN, IL US",10/22/2016,0,0,0,54,36,39,24.2
USC00111497,"CHICAGO BOTANIC GARDEN, IL US",10/23/2016,0,0,0,61,39,45,8.7
USC00111497,"CHICAGO BOTANIC GARDEN, IL US",10/24/2016,0,0,0,71,42,44,37.9
USC00111497,"CHICAGO BOTANIC GARDEN, IL US",10/25/2016,0,0,0,56,35,43,8.1
USC00111497,"CHICAGO BOTANIC GARDEN, IL US",10/26/2016,0.33,0,0,56,41,47,29.8
USC00111497,"CHICAGO BOTANIC GARDEN, IL US",10/27/2016,1.3,0,0,51,42,43,4460.8
USC00111497,"CHICAGO BOTANIC GARDEN, IL US",10/28/2016,0,0,0,50,39,45,9.9
USC00111497,"CHICAGO BOTANIC GARDEN, IL US",10/29/2016,0.01,0,0,66,44,65,55.9
USC00111497,"CHICAGO BOTANIC GARDEN, IL US",10/30/2016,0.44,0,0,70,52,53,19.9
USC00111497,"CHICAGO BOTANIC GARDEN, IL US",10/31/2016,0,0,0,55,39,44,14.9
USC00111497,"CHICAGO BOTANIC GARDEN, IL US",11/1/2016,0,0,0,63,43,63,
USC00111497,"CHICAGO BOTANIC GARDEN, IL US",11/2/2016,0.01,0,0,77,57,58,
USC00111497,"CHICAGO BOTANIC GARDEN, IL US",11/3/2016,0.44,0,0,61,48,48,
USC00111497,"CHICAGO BOTANIC GARDEN, IL US",11/4/2016,0,0,0,63,41,43,
USC00111497,"CHICAGO BOTANIC GARDEN, IL US",11/5/2016,0,0,0,61,43,49,
USC00111497,"CHICAGO BOTANIC GARDEN, IL US",11/6/2016,0.01,0,0,70,44,52,
USC00111497,"CHICAGO BOTANIC GARDEN, IL US",11/7/2016,0,0,0,70,41,53,
USC00111497,"CHICAGO BOTANIC GARDEN, IL US",11/8/2016,0.03,0,0,68,47,55,
USC00111497,"CHICAGO BOTANIC GARDEN, IL US",11/9/2016,0,0,0,63,39,45,
USC00111497,"CHICAGO BOTANIC GARDEN, IL US",11/10/2016,0,0,0,59,41,48,
USC00111497,"CHICAGO BOTANIC GARDEN, IL US",11/11/2016,0,0,0,65,47,51,
USC00111497,"CHICAGO BOTANIC GARDEN, IL US",11/12/2016,0.02,0,0,53,31,40,
USC00111497,"CHICAGO BOTANIC GARDEN, IL US",11/13/2016,0,0,0,54,37,42,
USC00111497,"CHICAGO BOTANIC GARDEN, IL US",11/14/2016,0,0,0,58,40,46,
USC00111497,"CHICAGO BOTANIC GARDEN, IL US",11/15/2016,0,0,0,62,35,45,
USC00111497,"CHICAGO BOTANIC GARDEN, IL US",11/17/2016,0,0,0,55,35,55,
USC00111497,"CHICAGO BOTANIC GARDEN, IL US",11/18/2016,0,0,0,73,54,62,
USC00111497,"CHICAGO BOTANIC GARDEN, IL US",11/19/2016,0.15,0,0,62,33,34,
USC00111497,"CHICAGO BOTANIC GARDEN, IL US",11/20/2016,0,0,0,38,23,26,
USC00111497,"CHICAGO BOTANIC GARDEN, IL US",11/21/2016,0,0,0,35,22,29,
USC00111497,"CHICAGO BOTANIC GARDEN, IL US",11/22/2016,0,0,0,40,25,35,
USC00111497,"CHICAGO BOTANIC GARDEN, IL US",11/23/2016,0.16,0,0,40,35,40,0
USC00111497,"CHICAGO BOTANIC GARDEN, IL US",11/24/2016,0.06,0,0,44,37,38,0
USC00111497,"CHICAGO BOTANIC GARDEN, IL US",11/25/2016,0,0,0,40,35,38,
USC00111497,"CHICAGO BOTANIC GARDEN, IL US",11/26/2016,0,0,0,43,32,37,
USC00111497,"CHICAGO BOTANIC GARDEN, IL US",11/27/2016,0,0,0,48,34,36,
USC00111497,"CHICAGO BOTANIC GARDEN, IL US",11/28/2016,0.25,0,0,45,36,45,
USC00111497,"CHICAGO BOTANIC GARDEN, IL US",11/29/2016,0.68,0,0,51,43,46,
USC00111497,"CHICAGO BOTANIC GARDEN, IL US",11/30/2016,0,0,0,58,33,37,
USC00111497,"CHICAGO BOTANIC GARDEN, IL US",12/1/2016,0,0,0,45,36,38,
USC00111497,"CHICAGO BOTANIC GARDEN, IL US",12/2/2016,0,0,0,43,37,38,
USC00111497,"CHICAGO BOTANIC GARDEN, IL US",12/3/2016,0,0,0,39,33,33,
USC00111497,"CHICAGO BOTANIC GARDEN, IL US",12/4/2016,0,0,0,39,29,35,
USC00111497,"CHICAGO BOTANIC GARDEN, IL US",12/5/2016,0.5,6,6,35,30,33,
USC00111497,"CHICAGO BOTANIC GARDEN, IL US",12/6/2016,0,0,2,37,32,35,
USC00111497,"CHICAGO BOTANIC GARDEN, IL US",12/7/2016,0,0,0,44,24,25,
USC00111497,"CHICAGO BOTANIC GARDEN, IL US",12/8/2016,0,0,0,31,13,18,
USC00111497,"CHICAGO BOTANIC GARDEN, IL US",12/9/2016,0,0,0,25,18,24,
USC00111497,"CHICAGO BOTANIC GARDEN, IL US",12/10/2016,0,0,0,28,18,18,
USC00111497,"CHICAGO BOTANIC GARDEN, IL US",12/11/2016,0.19,3,4,28,18,28,
USC00111497,"CHICAGO BOTANIC GARDEN, IL US",12/12/2016,0.37,4.5,8,33,23,24,
USC00111497,"CHICAGO BOTANIC GARDEN, IL US",12/13/2016,0,0,7,24,12,15,
USC00111497,"CHICAGO BOTANIC GARDEN, IL US",12/14/2016,0,0,7,19,3,12,
USC00111497,"CHICAGO BOTANIC GARDEN, IL US",12/15/2016,0,0,6,22,-1,0,
USC00111497,"CHICAGO BOTANIC GARDEN, IL US",12/16/2016,0,0,6,15,0,15,
USC00111497,"CHICAGO BOTANIC GARDEN, IL US",12/17/2016,0.18,1.3,6,21,15,21,
USC00111497,"CHICAGO BOTANIC GARDEN, IL US",12/18/2016,0.11,1.3,7,24,4,5,
USC00111497,"CHICAGO BOTANIC GARDEN, IL US",12/19/2016,0,0,7,10,-2,4,
USC00111497,"CHICAGO BOTANIC GARDEN, IL US",12/20/2016,0,0,7,22,-4,22,
USC00111497,"CHICAGO BOTANIC GARDEN, IL US",12/21/2016,0,0,7,32,20,26,
USC00111497,"CHICAGO BOTANIC GARDEN, IL US",12/22/2016,0,0,6,37,25,28,
USC00111497,"CHICAGO BOTANIC GARDEN, IL US",12/23/2016,0,0,6,41,25,33,
USC00111497,"CHICAGO BOTANIC GARDEN, IL US",12/24/2016,0.11,0,5,38,32,35,
USC00111497,"CHICAGO BOTANIC GARDEN, IL US",12/25/2016,0.01,0,4,38,34,35,
USC00111497,"CHICAGO BOTANIC GARDEN, IL US",12/26/2016,0.14,0,0,54,34,49,
USC00111497,"CHICAGO BOTANIC GARDEN, IL US",12/27/2016,0,0,0,54,24,25,
USC00111497,"CHICAGO BOTANIC GARDEN, IL US",12/28/2016,0,0,0,29,19,29,
USC00111497,"CHICAGO BOTANIC GARDEN, IL US",12/29/2016,0,0,0,46,28,31,
USC00111497,"CHICAGO BOTANIC GARDEN, IL US",12/30/2016,0,0,0,36,24,25,
USC00111497,"CHICAGO BOTANIC GARDEN, IL US",12/31/2016,0,0,0,39,21,37,
USC00111497,"CHICAGO BOTANIC GARDEN, IL US",1/1/2017,0,0,0,40,20,23,
USC00111497,"CHICAGO BOTANIC GARDEN, IL US",1/2/2017,0,0,0,41,22,36,
USC00111497,"CHICAGO BOTANIC GARDEN, IL US",1/3/2017,0.1,0,0,39,35,39,
USC00111497,"CHICAGO BOTANIC GARDEN, IL US",1/4/2017,0,0,0,39,9,11,
USC00111497,"CHICAGO BOTANIC GARDEN, IL US",1/5/2017,0,0,0,19,6,8,
USC00111497,"CHICAGO BOTANIC GARDEN, IL US",1/6/2017,0,0,0,15,0,1,
USC00111497,"CHICAGO BOTANIC GARDEN, IL US",1/7/2017,0,0,0,11,0,2,
USC00111497,"CHICAGO BOTANIC GARDEN, IL US",1/8/2017,0,0,0,18,2,4,
USC00111497,"CHICAGO BOTANIC GARDEN, IL US",1/9/2017,0,0,,23,4,23,
USC00111497,"CHICAGO BOTANIC GARDEN, IL US",1/10/2017,0.03,0,0,40,23,40,
USC00111497,"CHICAGO BOTANIC GARDEN, IL US",1/11/2017,0.21,0,0,51,24,30,
USC00111497,"CHICAGO BOTANIC GARDEN, IL US",1/12/2017,0,0,0,43,21,21,
USC00111497,"CHICAGO BOTANIC GARDEN, IL US",1/13/2017,0,0,0,25,15,15,
USC00111497,"CHICAGO BOTANIC GARDEN, IL US",1/14/2017,,0,0,30,10,29,
USC00111497,"CHICAGO BOTANIC GARDEN, IL US",1/15/2017,0,0,0,35,16,20,
USC00111497,"CHICAGO BOTANIC GARDEN, IL US",1/16/2017,0.11,0,0,35,17,34,
USC00111497,"CHICAGO BOTANIC GARDEN, IL US",1/17/2017,,0,0,38,31,37,
USC00111497,"CHICAGO BOTANIC GARDEN, IL US",1/18/2017,0.02,0,0,40,34,35,
USC00111497,"CHICAGO BOTANIC GARDEN, IL US",1/19/2017,0,0,0,37,30,35,
USC00111497,"CHICAGO BOTANIC GARDEN, IL US",1/20/2017,0.66,0,0,42,33,37,
USC00111497,"CHICAGO BOTANIC GARDEN, IL US",1/21/2017,0.01,0,0,49,36,48,
USC00111497,"CHICAGO BOTANIC GARDEN, IL US",1/22/2017,0.01,0,0,60,37,40,
USC00111497,"CHICAGO BOTANIC GARDEN, IL US",1/23/2017,0,0,0,45,36,38,
USC00111497,"CHICAGO BOTANIC GARDEN, IL US",1/24/2017,0,0,0,42,35,36,
USC00111497,"CHICAGO BOTANIC GARDEN, IL US",1/25/2017,0.06,0,0,37,35,37,
USC00111497,"CHICAGO BOTANIC GARDEN, IL US",1/26/2017,0.07,0,0,42,31,31,
USC00111497,"CHICAGO BOTANIC GARDEN, IL US",1/27/2017,0,0,0,34,26,28,
USC00111497,"CHICAGO BOTANIC GARDEN, IL US",1/28/2017,0,0,0,28,22,27,
USC00111497,"CHICAGO BOTANIC GARDEN, IL US",1/29/2017,0,0,0,30,26,27,
USC00111497,"CHICAGO BOTANIC GARDEN, IL US",1/30/2017,0,0,0,28,14,19,
USC00111497,"CHICAGO BOTANIC GARDEN, IL US",1/31/2017,0.03,0,0,38,18,35,
USC00111497,"CHICAGO BOTANIC GARDEN, IL US",2/1/2017,0.03,0,0,40,30,31,
USC00111497,"CHICAGO BOTANIC GARDEN, IL US",2/2/2017,0,0,0,38,13,16,
USC00111497,"CHICAGO BOTANIC GARDEN, IL US",2/3/2017,0,0,0,24,13,15,
USC00111497,"CHICAGO BOTANIC GARDEN, IL US",2/4/2017,0,0,0,29,14,17,
USC00111497,"CHICAGO BOTANIC GARDEN, IL US",2/5/2017,0,0,0,34,17,30,
USC00111497,"CHICAGO BOTANIC GARDEN, IL US",2/6/2017,0,0,0,40,21,28,
USC00111497,"CHICAGO BOTANIC GARDEN, IL US",2/7/2017,0.24,0,0,55,27,41,
USC00111497,"CHICAGO BOTANIC GARDEN, IL US",2/8/2017,0,0,0,46,27,28,
USC00111497,"CHICAGO BOTANIC GARDEN, IL US",2/9/2017,0,0,0,29,12,14,
USC00111497,"CHICAGO BOTANIC GARDEN, IL US",2/10/2017,0,0,0,26,14,26,
USC00111497,"CHICAGO BOTANIC GARDEN, IL US",2/11/2017,0,0,0,43,26,35,
USC00111497,"CHICAGO BOTANIC GARDEN, IL US",2/12/2017,0,0,0,46,34,37,
USC00111497,"CHICAGO BOTANIC GARDEN, IL US",2/13/2017,0,0,0,47,25,30,
USC00111497,"CHICAGO BOTANIC GARDEN, IL US",2/14/2017,0,0,0,46,30,36,
USC00111497,"CHICAGO BOTANIC GARDEN, IL US",2/15/2017,0,0,0,50,25,28,
USC00111497,"CHICAGO BOTANIC GARDEN, IL US",2/16/2017,0,0,0,35,27,31,
USC00111497,"CHICAGO BOTANIC GARDEN, IL US",2/17/2017,0,0,0,39,26,38,
USC00111497,"CHICAGO BOTANIC GARDEN, IL US",2/18/2017,0,0,0,66,37,46,
USC00111497,"CHICAGO BOTANIC GARDEN, IL US",2/19/2017,0,0,0,70,30,35,
USC00111497,"CHICAGO BOTANIC GARDEN, IL US",2/20/2017,0,0,0,63,35,47,
USC00111497,"CHICAGO BOTANIC GARDEN, IL US",2/21/2017,0.03,0,0,65,46,55,
USC00111497,"CHICAGO BOTANIC GARDEN, IL US",2/22/2017,0,0,0,67,46,53,
USC00111497,"CHICAGO BOTANIC GARDEN, IL US",2/23/2017,0,0,0,68,43,48,
USC00111497,"CHICAGO BOTANIC GARDEN, IL US",2/24/2017,0.37,0,0,50,36,37,
USC00111497,"CHICAGO BOTANIC GARDEN, IL US",2/25/2017,0,0,0,38,22,22,
USC00111497,"CHICAGO BOTANIC GARDEN, IL US",2/26/2017,0,0,0,29,22,29,
USC00111497,"CHICAGO BOTANIC GARDEN, IL US",2/27/2017,0,0,0,48,26,35,
USC00111497,"CHICAGO BOTANIC GARDEN, IL US",2/28/2017,0.01,0,0,54,35,51,
USC00111497,"CHICAGO BOTANIC GARDEN, IL US",3/1/2017,0.91,0,0,59,38,38,
USC00111497,"CHICAGO BOTANIC GARDEN, IL US",3/2/2017,0.05,0.2,0,40,27,29,
USC00111497,"CHICAGO BOTANIC GARDEN, IL US",3/3/2017,0,0,0,37,18,24,
USC00111497,"CHICAGO BOTANIC GARDEN, IL US",3/4/2017,0,0,0,33,23,31,
USC00111497,"CHICAGO BOTANIC GARDEN, IL US",3/5/2017,0,0,0,39,31,37,
USC00111497,"CHICAGO BOTANIC GARDEN, IL US",3/6/2017,0,0,0,58,37,52,
USC00111497,"CHICAGO BOTANIC GARDEN, IL US",3/7/2017,0.27,0,0,64,43,44,
USC00111497,"CHICAGO BOTANIC GARDEN, IL US",3/8/2017,0,0,0,53,41,42,
USC00111497,"CHICAGO BOTANIC GARDEN, IL US",3/9/2017,0,0,0,52,29,35,
USC00111497,"CHICAGO BOTANIC GARDEN, IL US",3/10/2017,0,0,0,39,25,25,
USC00111497,"CHICAGO BOTANIC GARDEN, IL US",3/11/2017,0,0,0,32,15,18,
USC00111497,"CHICAGO BOTANIC GARDEN, IL US",3/12/2017,0,0,0,29,16,19,
USC00111497,"CHICAGO BOTANIC GARDEN, IL US",3/13/2017,0.24,3.8,4,33,19,26,
USC00111497,"CHICAGO BOTANIC GARDEN, IL US",3/14/2017,0.28,4.8,7,33,19,20,
USC00111497,"CHICAGO BOTANIC GARDEN, IL US",3/15/2017,0.08,1.8,8,30,12,17,
USC00111497,"CHICAGO BOTANIC GARDEN, IL US",3/16/2017,0,0,4,35,14,17,
USC00111497,"CHICAGO BOTANIC GARDEN, IL US",3/17/2017,0,0,3,43,17,35,
USC00111497,"CHICAGO BOTANIC GARDEN, IL US",3/18/2017,0.04,0,0,46,35,37,
USC00111497,"CHICAGO BOTANIC GARDEN, IL US",3/19/2017,0,0,0,46,28,34,
USC00111497,"CHICAGO BOTANIC GARDEN, IL US",3/20/2017,0,0,0,49,34,43,
USC00111497,"CHICAGO BOTANIC GARDEN, IL US",3/21/2017,0,0,0,52,31,43,
USC00111497,"CHICAGO BOTANIC GARDEN, IL US",3/22/2017,0,0,0,56,27,30,
USC00111497,"CHICAGO BOTANIC GARDEN, IL US",3/23/2017,0,0,0,37,24,32,
USC00111497,"CHICAGO BOTANIC GARDEN, IL US",3/24/2017,0.04,0,0,54,32,54,
USC00111497,"CHICAGO BOTANIC GARDEN, IL US",3/25/2017,0.22,0,0,81,37,38,
USC00111497,"CHICAGO BOTANIC GARDEN, IL US",3/26/2017,0.59,0,0,47,38,38,
USC00111497,"CHICAGO BOTANIC GARDEN, IL US",3/27/2017,0.25,0,0,61,38,43,
USC00111497,"CHICAGO BOTANIC GARDEN, IL US",3/28/2017,0,0,0,47,38,39,
USC00111497,"CHICAGO BOTANIC GARDEN, IL US",3/29/2017,0,0,0,45,32,35,
USC00111497,"CHICAGO BOTANIC GARDEN, IL US",3/30/2017,0.89,0,0,45,34,40,
USC00111497,"CHICAGO BOTANIC GARDEN, IL US",3/31/2017,0.7,0,0,42,36,37,
USC00111497,"CHICAGO BOTANIC GARDEN, IL US",4/1/2017,0,0,0,41,31,36,
USC00111497,"CHICAGO BOTANIC GARDEN, IL US",4/2/2017,0,0,0,55,35,44,
USC00111497,"CHICAGO BOTANIC GARDEN, IL US",4/3/2017,0,0,0,60,43,45,
USC00111497,"CHICAGO BOTANIC GARDEN, IL US",4/4/2017,0.3,0,0,50,42,46,
USC00111497,"CHICAGO BOTANIC GARDEN, IL US",4/5/2017,0.17,0,0,55,39,40,
USC00111497,"CHICAGO BOTANIC GARDEN, IL US",4/6/2017,0.98,,,41,36,39,
USC00111497,"CHICAGO BOTANIC GARDEN, IL US",4/7/2017,0,0,0,48,35,37,
USC00111497,"CHICAGO BOTANIC GARDEN, IL US",4/8/2017,0.01,0,0,51,33,45,
USC00111497,"CHICAGO BOTANIC GARDEN, IL US",4/9/2017,0,0,0,68,45,58,
USC00111497,"CHICAGO BOTANIC GARDEN, IL US",4/10/2017,0.02,,,76,58,63,
USC00111497,"CHICAGO BOTANIC GARDEN, IL US",4/11/2017,0.42,0,0,77,38,42,
USC00111497,"CHICAGO BOTANIC GARDEN, IL US",4/12/2017,0,0,0,52,34,43,
USC00111497,"CHICAGO BOTANIC GARDEN, IL US",4/13/2017,0.14,0,0,53,41,41,
USC00111497,"CHICAGO BOTANIC GARDEN, IL US",4/14/2017,0.09,0,0,51,41,45,
USC00111497,"CHICAGO BOTANIC GARDEN, IL US",4/15/2017,0.05,0,0,69,44,69,
USC00111497,"CHICAGO BOTANIC GARDEN, IL US",4/16/2017,0.54,0,0,82,58,62,
USC00111497,"CHICAGO BOTANIC GARDEN, IL US",4/17/2017,0,0,0,72,42,55,
USC00111497,"CHICAGO BOTANIC GARDEN, IL US",4/18/2017,0,0,0,68,39,51,
USC00111497,"CHICAGO BOTANIC GARDEN, IL US",4/19/2017,0,0,0,76,50,65,
USC00111497,"CHICAGO BOTANIC GARDEN, IL US",4/20/2017,0.04,0,0,67,41,53,
USC00111497,"CHICAGO BOTANIC GARDEN, IL US",4/21/2017,0,0,0,72,41,44,
USC00111497,"CHICAGO BOTANIC GARDEN, IL US",4/22/2017,0,0,0,54,40,45,
USC00111497,"CHICAGO BOTANIC GARDEN, IL US",4/23/2017,0,0,0,55,34,48,
USC00111497,"CHICAGO BOTANIC GARDEN, IL US",4/24/2017,0,0,0,70,37,45,
USC00111497,"CHICAGO BOTANIC GARDEN, IL US",4/25/2017,0,0,0,68,45,62,
USC00111497,"CHICAGO BOTANIC GARDEN, IL US",4/27/2017,0.31,0,0,77,48,48,
USC00111497,"CHICAGO BOTANIC GARDEN, IL US",4/28/2017,0,0,0,,39,45,
USC00111497,"CHICAGO BOTANIC GARDEN, IL US",4/29/2017,0,0,0,57,42,43,
USC00111497,"CHICAGO BOTANIC GARDEN, IL US",4/30/2017,1.85,0,0,45,38,42,
USC00111497,"CHICAGO BOTANIC GARDEN, IL US",5/1/2017,1.41,0,0,50,41,50,
USC00111497,"CHICAGO BOTANIC GARDEN, IL US",5/2/2017,0.23,0,0,60,40,43,
USC00111497,"CHICAGO BOTANIC GARDEN, IL US",5/3/2017,0.02,0,0,51,35,46,26.7
USC00111497,"CHICAGO BOTANIC GARDEN, IL US",5/4/2017,0,0,0,56,41,47,3.7
USC00111497,"CHICAGO BOTANIC GARDEN, IL US",5/5/2017,0,,,54,41,42,34.2
USC00111497,"CHICAGO BOTANIC GARDEN, IL US",5/6/2017,0,0,0,55,42,45,55.9
USC00111497,"CHICAGO BOTANIC GARDEN, IL US",5/7/2017,0,0,0,55,36,46,93.8
USC00111497,"CHICAGO BOTANIC GARDEN, IL US",5/8/2017,0,,,55,34,42,8.7
USC00111497,"CHICAGO BOTANIC GARDEN, IL US",5/9/2017,0.17,0,0,52,40,45,5
USC00111497,"CHICAGO BOTANIC GARDEN, IL US",5/10/2017,0,0,0,57,43,52,3.7
USC00111497,"CHICAGO BOTANIC GARDEN, IL US",5/11/2017,1.5,0,0,62,45,48,9.9
USC00111497,"CHICAGO BOTANIC GARDEN, IL US",5/12/2017,0,0,0,63,42,52,6.8
USC00111497,"CHICAGO BOTANIC GARDEN, IL US",5/13/2017,0,0,0,69,42,58,6.2
USC00111497,"CHICAGO BOTANIC GARDEN, IL US",5/14/2017,0,0,0,81,47,53,18
USC00111497,"CHICAGO BOTANIC GARDEN, IL US",5/15/2017,0,0,0,61,45,57,9.9
USC00111497,"CHICAGO BOTANIC GARDEN, IL US",5/16/2017,0.03,0,0,74,57,70,14.3
USC00111497,"CHICAGO BOTANIC GARDEN, IL US",5/17/2017,0,0,0,88,70,74,49.1
USC00111497,"CHICAGO BOTANIC GARDEN, IL US",5/18/2017,0.49,0,0,85,61,71,75.2
USC00111497,"CHICAGO BOTANIC GARDEN, IL US",5/19/2017,0,0,0,78,41,43,44.7
USC00111497,"CHICAGO BOTANIC GARDEN, IL US",5/20/2017,0.12,0,0,49,42,49,21.7
USC00111497,"CHICAGO BOTANIC GARDEN, IL US",5/21/2017,0.4,0,0,63,48,60,3.1
USC00111497,"CHICAGO BOTANIC GARDEN, IL US",5/22/2017,0,0,0,68,46,54,31.1
USC00111497,"CHICAGO BOTANIC GARDEN, IL US",5/23/2017,0,0,0,75,54,62,26.1
USC00111497,"CHICAGO BOTANIC GARDEN, IL US",5/24/2017,0.59,0,0,65,49,52,8.1
USC00111497,"CHICAGO BOTANIC GARDEN, IL US",5/25/2017,0,0,0,60,49,55,70.8
USC00111497,"CHICAGO BOTANIC GARDEN, IL US",5/26/2017,0,,,67,48,58,21.7
USC00111497,"CHICAGO BOTANIC GARDEN, IL US",5/27/2017,0.41,0,0,67,49,54,1.9
USC00111497,"CHICAGO BOTANIC GARDEN, IL US",5/28/2017,0,0,0,73,52,62,3.1
USC00111497,"CHICAGO BOTANIC GARDEN, IL US",5/29/2017,0,0,0,77,54,59,
USC00111497,"CHICAGO BOTANIC GARDEN, IL US",5/30/2017,0,0,0,77,52,61,26.7
USC00111497,"CHICAGO BOTANIC GARDEN, IL US",5/31/2017,0,0,0,74,51,60,18
USC00111497,"CHICAGO BOTANIC GARDEN, IL US",6/1/2017,0,0,,74,47,55,16.2
USC00111497,"CHICAGO BOTANIC GARDEN, IL US",6/2/2017,0,,,75,47,65,3.7
USC00111497,"CHICAGO BOTANIC GARDEN, IL US",6/3/2017,0,0,0,84,53,71,5
USC00111497,"CHICAGO BOTANIC GARDEN, IL US",6/4/2017,0,0,0,80,68,74,3.7
USC00111497,"CHICAGO BOTANIC GARDEN, IL US",6/5/2017,0,0,0,90,57,60,5
USC00111497,"CHICAGO BOTANIC GARDEN, IL US",6/6/2017,0,0,0,65,52,59,64
USC00111497,"CHICAGO BOTANIC GARDEN, IL US",6/7/2017,0,0,0,70,49,58,41
USC00111497,"CHICAGO BOTANIC GARDEN, IL US",6/8/2017,0,,,74,48,64,3.7
USC00111497,"CHICAGO BOTANIC GARDEN, IL US",6/9/2017,0.03,0,0,81,63,71,5
USC00111497,"CHICAGO BOTANIC GARDEN, IL US",6/10/2017,0.02,0,0,85,64,72,6.2
USC00111497,"CHICAGO BOTANIC GARDEN, IL US",6/11/2017,0,0,0,90,71,76,42.9
USC00111497,"CHICAGO BOTANIC GARDEN, IL US",6/12/2017,0,0,0,93,74,78,32.9
USC00111497,"CHICAGO BOTANIC GARDEN, IL US",6/13/2017,0,0,0,95,65,68,16.8
USC00111497,"CHICAGO BOTANIC GARDEN, IL US",6/14/2017,0,0,0,82,60,82,3.7
USC00111497,"CHICAGO BOTANIC GARDEN, IL US",6/15/2017,2.48,0,0,90,66,70,11.8
USC00111497,"CHICAGO BOTANIC GARDEN, IL US",6/16/2017,0.12,,,91,65,70,9.9
USC00111497,"CHICAGO BOTANIC GARDEN, IL US",6/17/2017,0.1,0,0,87,66,68,8.1
USC00111497,"CHICAGO BOTANIC GARDEN, IL US",6/18/2017,0.63,0,0,88,68,71,8.1
USC00111497,"CHICAGO BOTANIC GARDEN, IL US",6/19/2017,0,0,0,80,61,68,18
USC00111497,"CHICAGO BOTANIC GARDEN, IL US",6/20/2017,0.23,0,0,78,55,67,6.8
USC00111497,"CHICAGO BOTANIC GARDEN, IL US",6/21/2017,0,0,0,80,53,63,8.1
USC00111497,"CHICAGO BOTANIC GARDEN, IL US",6/22/2017,0,,,77,62,77,
USC00111497,"CHICAGO BOTANIC GARDEN, IL US",6/23/2017,1.03,,,90,64,67,31.1
USC00111497,"CHICAGO BOTANIC GARDEN, IL US",6/24/2017,0,0,0,83,60,63,13
USC00111497,"CHICAGO BOTANIC GARDEN, IL US",6/25/2017,0,0,0,75,51,60,18
USC00111497,"CHICAGO BOTANIC GARDEN, IL US",6/26/2017,0,0,0,73,51,59,16.8
USC00111497,"CHICAGO BOTANIC GARDEN, IL US",6/27/2017,0,0,0,72,48,60,16.2
USC00111497,"CHICAGO BOTANIC GARDEN, IL US",6/28/2017,0,0,0,76,54,67,9.9
USC00111497,"CHICAGO BOTANIC GARDEN, IL US",6/29/2017,2.46,,,79,62,71,41
USC00111497,"CHICAGO BOTANIC GARDEN, IL US",6/30/2017,0.08,,,84,64,70,16.2
USC00111497,"CHICAGO BOTANIC GARDEN, IL US",7/1/2017,0.05,0,0,85,63,69,3.1
USC00111497,"CHICAGO BOTANIC GARDEN, IL US",7/2/2017,0,0,0,84,58,67,9.9
USC00111497,"CHICAGO BOTANIC GARDEN, IL US",7/3/2017,0.12,0,0,89,62,64,6.2
USC00111497,"CHICAGO BOTANIC GARDEN, IL US",7/4/2017,0,0,0,76,62,69,5
USC00111497,"CHICAGO BOTANIC GARDEN, IL US",7/5/2017,0,0,0,78,61,71,1.2
USC00111497,"CHICAGO BOTANIC GARDEN, IL US",7/6/2017,0,,,86,67,83,1.2
USC00111497,"CHICAGO BOTANIC GARDEN, IL US",7/7/2017,0,,,91,73,75,6.2
USC00111497,"CHICAGO BOTANIC GARDEN, IL US",7/8/2017,0.13,0,0,85,58,64,8.1
USC00111497,"CHICAGO BOTANIC GARDEN, IL US",7/9/2017,0,0,0,76,57,68,1.9
USC00111497,"CHICAGO BOTANIC GARDEN, IL US",7/10/2017,1.04,0,0,86,64,67,9.9
USC00111497,"CHICAGO BOTANIC GARDEN, IL US",7/11/2017,0,0,0,83,67,72,1.2
USC00111497,"CHICAGO BOTANIC GARDEN, IL US",7/12/2017,2.3,,,83,68,71,6.2
USC00111497,"CHICAGO BOTANIC GARDEN, IL US",7/13/2017,1.46,0,0,82,65,76,11.2
USC00111497,"CHICAGO BOTANIC GARDEN, IL US",7/14/2017,0,,,84,63,65,6.8
USC00111497,"CHICAGO BOTANIC GARDEN, IL US",7/15/2017,0,0,0,74,57,64,3.7
USC00111497,"CHICAGO BOTANIC GARDEN, IL US",7/16/2017,0,0,0,82,64,67,11.8
USC00111497,"CHICAGO BOTANIC GARDEN, IL US",7/17/2017,0,0,0,72,55,64,19.3
USC00111497,"CHICAGO BOTANIC GARDEN, IL US",7/18/2017,0,0,0,75,55,65,6.8
USC00111497,"CHICAGO BOTANIC GARDEN, IL US",7/19/2017,0,0,0,84,65,76,1.9
USC00111497,"CHICAGO BOTANIC GARDEN, IL US",7/20/2017,1.43,,,83,67,68,6.2
USC00111497,"CHICAGO BOTANIC GARDEN, IL US",7/21/2017,0,,,89,66,74,8.7
USC00111497,"CHICAGO BOTANIC GARDEN, IL US",7/22/2017,1.4,0,0,88,70,71,9.9
USC00111497,"CHICAGO BOTANIC GARDEN, IL US",7/23/2017,0,0,0,85,68,76,14.3
USC00111497,"CHICAGO BOTANIC GARDEN, IL US",7/24/2017,0,0,0,90,64,68,8.1
USC00111497,"CHICAGO BOTANIC GARDEN, IL US",7/25/2017,0,0,0,75,58,68,13
USC00111497,"CHICAGO BOTANIC GARDEN, IL US",7/26/2017,0,0,0,81,63,72,11.2
USC00111497,"CHICAGO BOTANIC GARDEN, IL US",7/27/2017,0,,,88,70,74,5
USC00111497,"CHICAGO BOTANIC GARDEN, IL US",7/28/2017,0,,,78,67,70,49.7
USC00111497,"CHICAGO BOTANIC GARDEN, IL US",7/29/2017,0,0,0,78,61,66,29.8
USC00111497,"CHICAGO BOTANIC GARDEN, IL US",7/30/2017,0,0,0,78,58,68,11.2
USC00111497,"CHICAGO BOTANIC GARDEN, IL US",7/31/2017,0,0,0,81,60,68,1.9
USC00111497,"CHICAGO BOTANIC GARDEN, IL US",8/1/2017,0,0,0,86,62,75,1.2
USC00111497,"CHICAGO BOTANIC GARDEN, IL US",8/2/2017,0,0,0,85,64,73,1.9
USC00111497,"CHICAGO BOTANIC GARDEN, IL US",8/3/2017,0,0,0,86,66,72,1.9
USC00111497,"CHICAGO BOTANIC GARDEN, IL US",8/4/2017,0.37,,,83,55,57,19.3
USC00111497,"CHICAGO BOTANIC GARDEN, IL US",8/5/2017,0,0,0,67,56,62,16.8
USC00111497,"CHICAGO BOTANIC GARDEN, IL US",8/6/2017,0,,,81,58,65,3.1
USC00111497,"CHICAGO BOTANIC GARDEN, IL US",8/7/2017,0,0,0,77,59,67,1.2
USC00111497,"CHICAGO BOTANIC GARDEN, IL US",8/8/2017,0,0,0,77,53,65,11.2
USC00111497,"CHICAGO BOTANIC GARDEN, IL US",8/9/2017,0,0,0,83,57,68,3.1
USC00111497,"CHICAGO BOTANIC GARDEN, IL US",8/10/2017,0,,,82,57,69,1.2
USC00111497,"CHICAGO BOTANIC GARDEN, IL US",8/11/2017,0.34,0,0,85,63,66,9.9
USC00111497,"CHICAGO BOTANIC GARDEN, IL US",8/12/2017,0,0,0,79,57,61,5
USC00111497,"CHICAGO BOTANIC GARDEN, IL US",8/13/2017,0,0,0,75,53,61,8.7
USC00111497,"CHICAGO BOTANIC GARDEN, IL US",8/14/2017,0,0,0,77,59,65,1.2
USC00111497,"CHICAGO BOTANIC GARDEN, IL US",8/15/2017,0,,,83,65,69,0
USC00111497,"CHICAGO BOTANIC GARDEN, IL US",8/16/2017,0,,,81,62,68,6.2
USC00111497,"CHICAGO BOTANIC GARDEN, IL US",8/17/2017,0.26,0,0,83,68,72,11.8
USC00111497,"CHICAGO BOTANIC GARDEN, IL US",8/18/2017,0,,,84,64,68,23
USC00111497,"CHICAGO BOTANIC GARDEN, IL US",8/19/2017,0,0,0,82,61,65,8.1
USC00111497,"CHICAGO BOTANIC GARDEN, IL US",8/20/2017,0,0,0,81,58,68,1.2
USC00111497,"CHICAGO BOTANIC GARDEN, IL US",8/21/2017,0,0,0,87,67,74,5
USC00111497,"CHICAGO BOTANIC GARDEN, IL US",8/22/2017,0.01,,,85,70,71,13
USC00111497,"CHICAGO BOTANIC GARDEN, IL US",8/23/2017,0,0,0,81,57,62,16.2
USC00111497,"CHICAGO BOTANIC GARDEN, IL US",8/24/2017,0,0,0,78,55,62,8.1
USC00111497,"CHICAGO BOTANIC GARDEN, IL US",8/25/2017,0,0,0,75,50,65,8.7
USC00111497,"CHICAGO BOTANIC GARDEN, IL US",8/26/2017,0,0,0,74,54,62,3.7
USC00111497,"CHICAGO BOTANIC GARDEN, IL US",8/27/2017,0,0,0,76,59,66,6.2
USC00111497,"CHICAGO BOTANIC GARDEN, IL US",8/28/2017,0.07,0,0,77,63,66,6.2
USC00111497,"CHICAGO BOTANIC GARDEN, IL US",8/29/2017,0,0,0,80,59,65,5
USC00111497,"CHICAGO BOTANIC GARDEN, IL US",8/30/2017,0.61,0,0,75,56,63,1.2
USC00111497,"CHICAGO BOTANIC GARDEN, IL US",8/31/2017,0,0,0,80,60,65,19.9
USC00111497,"CHICAGO BOTANIC GARDEN, IL US",9/1/2017,0,0,0,73,56,60,19.9
USC00111497,"CHICAGO BOTANIC GARDEN, IL US",9/2/2017,0,0,0,69,47,52,6.8
USC00111497,"CHICAGO BOTANIC GARDEN, IL US",9/3/2017,0.07,0,0,73,52,59,3.1
USC00111497,"CHICAGO BOTANIC GARDEN, IL US",9/4/2017,0,0,0,83,59,71,14.3
USC00111497,"CHICAGO BOTANIC GARDEN, IL US",9/5/2017,0,0,0,83,53,56,11.8
USC00111497,"CHICAGO BOTANIC GARDEN, IL US",9/6/2017,0,0,0,70,47,51,11.8
USC00111497,"CHICAGO BOTANIC GARDEN, IL US",9/7/2017,0.05,,,66,50,56,6.8
USC00111497,"CHICAGO BOTANIC GARDEN, IL US",9/8/2017,0,,,67,52,60,6.8
USC00111497,"CHICAGO BOTANIC GARDEN, IL US",9/9/2017,0,0,0,67,55,60,3.7
USC00111497,"CHICAGO BOTANIC GARDEN, IL US",9/10/2017,0,0,0,70,46,50,8.1
USC00111497,"CHICAGO BOTANIC GARDEN, IL US",9/11/2017,0,0,0,69,47,51,3.7
USC00111497,"CHICAGO BOTANIC GARDEN, IL US",9/12/2017,0,0,0,73,49,55,1.9
USC00111497,"CHICAGO BOTANIC GARDEN, IL US",9/13/2017,0,0,0,75,53,61,3.7
USC00111497,"CHICAGO BOTANIC GARDEN, IL US",9/14/2017,0,,,76,56,62,1.2
USC00111497,"CHICAGO BOTANIC GARDEN, IL US",9/15/2017,0,,,78,60,65,3.1
USC00111497,"CHICAGO BOTANIC GARDEN, IL US",9/16/2017,0,0,0,87,65,68,11.2
USC00111497,"CHICAGO BOTANIC GARDEN, IL US",9/17/2017,0,0,0,88,65,70,8.7
USC00111497,"CHICAGO BOTANIC GARDEN, IL US",9/18/2017,0,0,0,87,53,65,3.7
USC00111497,"CHICAGO BOTANIC GARDEN, IL US",9/19/2017,0.07,0,0,75,55,67,3.7
USC00111497,"CHICAGO BOTANIC GARDEN, IL US",9/20/2017,0.56,0,0,75,59,68,1.2
USC00111497,"CHICAGO BOTANIC GARDEN, IL US",9/21/2017,0,,,90,67,75,21.7
USC00111497,"CHICAGO BOTANIC GARDEN, IL US",9/22/2017,0,,,92,69,74,1.9
USC00111497,"CHICAGO BOTANIC GARDEN, IL US",9/23/2017,0,0,0,94,67,70,6.2
USC00111497,"CHICAGO BOTANIC GARDEN, IL US",9/24/2017,0,0,0,93,66,70,1.2
USC00111497,"CHICAGO BOTANIC GARDEN, IL US",9/25/2017,0,0,0,90,62,66,3.1
USC00111497,"CHICAGO BOTANIC GARDEN, IL US",9/26/2017,0,0,0,92,64,70,3.7
USC00111497,"CHICAGO BOTANIC GARDEN, IL US",9/27/2017,0,0,0,92,60,62,11.2
USC00111497,"CHICAGO BOTANIC GARDEN, IL US",9/28/2017,0,,,72,49,54,11.8
USC00111497,"CHICAGO BOTANIC GARDEN, IL US",9/29/2017,0,,,71,53,58,5
USC00111497,"CHICAGO BOTANIC GARDEN, IL US",9/30/2017,0,0,0,71,53,57,19.9
USC00111497,"CHICAGO BOTANIC GARDEN, IL US",10/1/2017,0,0,0,68,43,54,3.1
USC00111497,"CHICAGO BOTANIC GARDEN, IL US",10/2/2017,0,,,70,53,64,19.3
USC00111497,"CHICAGO BOTANIC GARDEN, IL US",10/3/2017,0,0,0,82,63,69,41
USC00111497,"CHICAGO BOTANIC GARDEN, IL US",10/4/2017,0,0,0,78,69,70,29.8
USC00111497,"CHICAGO BOTANIC GARDEN, IL US",10/5/2017,0,,,74,48,50,1.9
USC00111497,"CHICAGO BOTANIC GARDEN, IL US",10/6/2017,0.34,,,72,49,59,1.9
USC00111497,"CHICAGO BOTANIC GARDEN, IL US",10/7/2017,0.16,0,0,70,58,69,24.2
USC00111497,"CHICAGO BOTANIC GARDEN, IL US",10/8/2017,0.54,0,0,80,53,56,37.9
USC00111497,"CHICAGO BOTANIC GARDEN, IL US",10/9/2017,0,0,0,77,50,54,9.9
USC00111497,"CHICAGO BOTANIC GARDEN, IL US",10/10/2017,0,0,0,80,54,61,18
USC00111497,"CHICAGO BOTANIC GARDEN, IL US",10/11/2017,1.96,0,0,63,55,57,14.3
USC00111497,"CHICAGO BOTANIC GARDEN, IL US",10/12/2017,0.11,,,60,54,57,5
USC00111497,"CHICAGO BOTANIC GARDEN, IL US",10/13/2017,0.01,,,59,53,55,1.2
USC00111497,"CHICAGO BOTANIC GARDEN, IL US",10/14/2017,1.06,0,0,72,55,60,8.7
USC00111497,"CHICAGO BOTANIC GARDEN, IL US",10/15/2017,2.99,0,0,72,56,57,29.2
USC00111497,"CHICAGO BOTANIC GARDEN, IL US",10/16/2017,0,0,0,57,41,44,16.2
USC00111497,"CHICAGO BOTANIC GARDEN, IL US",10/17/2017,0,0,0,63,44,53,6.8
USC00111497,"CHICAGO BOTANIC GARDEN, IL US",10/18/2017,0,0,0,70,48,50,21.7
USC00111497,"CHICAGO BOTANIC GARDEN, IL US",10/19/2017,0,,,70,47,50,24.9
USC00111497,"CHICAGO BOTANIC GARDEN, IL US",10/20/2017,0,,,67,45,55,1.9
USC00111497,"CHICAGO BOTANIC GARDEN, IL US",10/21/2017,0,0,0,77,55,62,24.2
USC00111497,"CHICAGO BOTANIC GARDEN, IL US",10/22/2017,0,0,0,76,62,66,55.3
USC00111497,"CHICAGO BOTANIC GARDEN, IL US",10/23/2017,1.05,0,0,69,50,50,26.7
USC00111497,"CHICAGO BOTANIC GARDEN, IL US",10/24/2017,0.78,0,0,54,46,47,8.7
USC00111497,"CHICAGO BOTANIC GARDEN, IL US",10/25/2017,0.38,0,0,47,35,38,14.3
USC00111497,"CHICAGO BOTANIC GARDEN, IL US",10/26/2017,0,,,53,34,38,6.2
USC00111497,"CHICAGO BOTANIC GARDEN, IL US",10/27/2017,0,0,0,59,38,39,44.1
USC00111497,"CHICAGO BOTANIC GARDEN, IL US",10/28/2017,0.01,0,0,41,35,36,34.8
USC00111497,"CHICAGO BOTANIC GARDEN, IL US",10/29/2017,0,0,0,41,33,34,11.2
USC00111497,"CHICAGO BOTANIC GARDEN, IL US",10/30/2017,0,0,0,47,33,43,13
USC00111497,"CHICAGO BOTANIC GARDEN, IL US",10/31/2017,0,0,0,50,34,35,49.7
USC00111497,"CHICAGO BOTANIC GARDEN, IL US",11/1/2017,0,0,0,42,35,39,
USC00111497,"CHICAGO BOTANIC GARDEN, IL US",11/2/2017,0.28,,,47,38,47,
USC00111497,"CHICAGO BOTANIC GARDEN, IL US",11/3/2017,0,,,50,39,40,
USC00111497,"CHICAGO BOTANIC GARDEN, IL US",11/4/2017,0.09,0,0,47,39,44,
USC00111497,"CHICAGO BOTANIC GARDEN, IL US",11/5/2017,0.42,0,0,49,44,48,
USC00111497,"CHICAGO BOTANIC GARDEN, IL US",11/6/2017,0.05,0,0,51,31,35,
USC00111497,"CHICAGO BOTANIC GARDEN, IL US",11/7/2017,0,0,0,41,35,37,
USC00111497,"CHICAGO BOTANIC GARDEN, IL US",11/8/2017,0,0,0,45,25,34,
USC00111497,"CHICAGO BOTANIC GARDEN, IL US",11/9/2017,0,0,,47,29,41,
USC00111497,"CHICAGO BOTANIC GARDEN, IL US",11/10/2017,0,,,46,17,21,
USC00111497,"CHICAGO BOTANIC GARDEN, IL US",11/11/2017,0.11,1.5,2,28,20,27,
USC00111497,"CHICAGO BOTANIC GARDEN, IL US",11/12/2017,0.02,0,0,37,27,37,
USC00111497,"CHICAGO BOTANIC GARDEN, IL US",11/13/2017,0.08,0,0,40,27,33,
USC00111497,"CHICAGO BOTANIC GARDEN, IL US",11/14/2017,0,0,0,43,28,38,
USC00111497,"CHICAGO BOTANIC GARDEN, IL US",11/15/2017,0.08,0,0,50,37,45,
USC00111497,"CHICAGO BOTANIC GARDEN, IL US",11/16/2017,0.08,0,0,51,32,34,
USC00111497,"CHICAGO BOTANIC GARDEN, IL US",11/17/2017,0,,,38,34,37,
USC00111497,"CHICAGO BOTANIC GARDEN, IL US",11/18/2017,0.27,0,0,46,37,41,
USC00111497,"CHICAGO BOTANIC GARDEN, IL US",11/19/2017,0.46,0,0,42,28,29,
USC00111497,"CHICAGO BOTANIC GARDEN, IL US",11/20/2017,0,,,38,29,38,
USC00111497,"CHICAGO BOTANIC GARDEN, IL US",11/21/2017,0,0,0,52,37,44,
USC00111497,"CHICAGO BOTANIC GARDEN, IL US",11/22/2017,0,0,0,44,20,24,
USC00111497,"CHICAGO BOTANIC GARDEN, IL US",11/23/2017,0,0,0,35,24,34,
USC00111497,"CHICAGO BOTANIC GARDEN, IL US",11/24/2017,0.01,0,0,47,30,45,
USC00111497,"CHICAGO BOTANIC GARDEN, IL US",11/25/2017,0,0,0,63,33,42,
USC00111497,"CHICAGO BOTANIC GARDEN, IL US",11/26/2017,0,0,0,49,25,30,
USC00111497,"CHICAGO BOTANIC GARDEN, IL US",11/27/2017,0,0,0,50,29,36,
USC00111497,"CHICAGO BOTANIC GARDEN, IL US",11/28/2017,0,0,0,56,36,53,
USC00111497,"CHICAGO BOTANIC GARDEN, IL US",11/29/2017,0,0,0,60,31,35,
USC00111497,"CHICAGO BOTANIC GARDEN, IL US",11/30/2017,0,,,47,33,43,
USC00111497,"CHICAGO BOTANIC GARDEN, IL US",12/1/2017,0,0,0,53,26,35,
USC00111497,"CHICAGO BOTANIC GARDEN, IL US",12/2/2017,0,0,0,54,32,37,
USC00111497,"CHICAGO BOTANIC GARDEN, IL US",12/3/2017,0,0,0,56,27,30,
USC00111497,"CHICAGO BOTANIC GARDEN, IL US",12/4/2017,0.05,0,0,58,30,55,
USC00111497,"CHICAGO BOTANIC GARDEN, IL US",12/5/2017,0.16,0,0,64,30,31,
USC00111497,"CHICAGO BOTANIC GARDEN, IL US",12/6/2017,0,0,0,35,25,29,
USC00111497,"CHICAGO BOTANIC GARDEN, IL US",12/7/2017,0,0,0,35,18,20,
USC00111497,"CHICAGO BOTANIC GARDEN, IL US",12/8/2017,0,0,0,28,17,21,
USC00111497,"CHICAGO BOTANIC GARDEN, IL US",12/9/2017,0.03,0.1,0,,,,
USC00111497,"CHICAGO BOTANIC GARDEN, IL US",12/10/2017,0,0,0,30,18,25,
USC00111497,"CHICAGO BOTANIC GARDEN, IL US",12/11/2017,0,0,0,32,19,29,
USC00111497,"CHICAGO BOTANIC GARDEN, IL US",12/12/2017,0.09,1,1,36,15,17,
USC00111497,"CHICAGO BOTANIC GARDEN, IL US",12/13/2017,0,0,1,27,16,27,
USC00111497,"CHICAGO BOTANIC GARDEN, IL US",12/14/2017,0.01,0.1,1,37,14,17,
USC00111497,"CHICAGO BOTANIC GARDEN, IL US",12/15/2017,0,0,0,28,15,25,
USC00111497,"CHICAGO BOTANIC GARDEN, IL US",12/16/2017,0,0,0,37,25,35,
USC00111497,"CHICAGO BOTANIC GARDEN, IL US",12/17/2017,0,0,0,47,25,35,
USC00111497,"CHICAGO BOTANIC GARDEN, IL US",12/18/2017,0,0,0,42,34,42,
USC00111497,"CHICAGO BOTANIC GARDEN, IL US",12/19/2017,0,0,0,47,37,40,
USC00111497,"CHICAGO BOTANIC GARDEN, IL US",12/20/2017,0,0,0,49,26,30,
USC00111497,"CHICAGO BOTANIC GARDEN, IL US",12/21/2017,0,0,0,36,28,35,
USC00111497,"CHICAGO BOTANIC GARDEN, IL US",12/22/2017,0,0,0,40,35,37,
USC00111497,"CHICAGO BOTANIC GARDEN, IL US",12/23/2017,0,0,0,38,24,24,
USC00111497,"CHICAGO BOTANIC GARDEN, IL US",12/24/2017,0,0,0,31,18,20,
USC00111497,"CHICAGO BOTANIC GARDEN, IL US",12/25/2017,0.14,1.4,2,22,14,15,
USC00111497,"CHICAGO BOTANIC GARDEN, IL US",12/26/2017,0,0,2,17,,,
USC00111497,"CHICAGO BOTANIC GARDEN, IL US",12/27/2017,0,0,2,8,-5,-4,
USC00111497,"CHICAGO BOTANIC GARDEN, IL US",12/28/2017,0,0,2,9,-4,7,
USC00111497,"CHICAGO BOTANIC GARDEN, IL US",12/29/2017,0.03,0.5,3,16,6,9,
USC00111497,"CHICAGO BOTANIC GARDEN, IL US",12/30/2017,0.06,0.5,3,9,3,3,
USC00111497,"CHICAGO BOTANIC GARDEN, IL US",12/31/2017,0,0,3,7,-2,3,
USC00111497,"CHICAGO BOTANIC GARDEN, IL US",1/1/2018,0,0,3,15,-8,-6,
USC00111497,"CHICAGO BOTANIC GARDEN, IL US",1/2/2018,0,0,3,5,-8,-2,
USC00111497,"CHICAGO BOTANIC GARDEN, IL US",1/3/2018,0,0,3,14,-2,14,
USC00111497,"CHICAGO BOTANIC GARDEN, IL US",1/4/2018,0,0,2,18,-1,0,
USC00111497,"CHICAGO BOTANIC GARDEN, IL US",1/5/2018,0,0,2,14,-2,0,
USC00111497,"CHICAGO BOTANIC GARDEN, IL US",1/6/2018,0,0,2,12,-3,0,
USC00111497,"CHICAGO BOTANIC GARDEN, IL US",1/7/2018,0,0,2,18,-2,18,
USC00111497,"CHICAGO BOTANIC GARDEN, IL US",1/8/2018,0.03,0,2,33,18,33,
USC00111497,"CHICAGO BOTANIC GARDEN, IL US",1/9/2018,0,0,2,40,24,28,
USC00111497,"CHICAGO BOTANIC GARDEN, IL US",1/10/2018,0,0,2,40,25,39,
USC00111497,"CHICAGO BOTANIC GARDEN, IL US",1/11/2018,0,0,0,57,37,56,
USC00111497,"CHICAGO BOTANIC GARDEN, IL US",1/12/2018,0.26,0,0,58,19,20,
USC00111497,"CHICAGO BOTANIC GARDEN, IL US",1/13/2018,0,0,0,21,5,6,
USC00111497,"CHICAGO BOTANIC GARDEN, IL US",1/14/2018,0,0,0,16,2,6,
USC00111497,"CHICAGO BOTANIC GARDEN, IL US",1/15/2018,0.09,1.7,2,21,6,19,
USC00111497,"CHICAGO BOTANIC GARDEN, IL US",1/16/2018,0.07,2,4,26,9,18,
USC00111497,"CHICAGO BOTANIC GARDEN, IL US",1/17/2018,0,0,4,27,5,5,
USC00111497,"CHICAGO BOTANIC GARDEN, IL US",1/18/2018,0,0,3,24,5,18,
USC00111497,"CHICAGO BOTANIC GARDEN, IL US",1/19/2018,0,0,3,35,18,30,
USC00111497,"CHICAGO BOTANIC GARDEN, IL US",1/20/2018,0,0,2,41,30,35,
USC00111497,"CHICAGO BOTANIC GARDEN, IL US",1/21/2018,0,0,0,47,32,39,
USC00111497,"CHICAGO BOTANIC GARDEN, IL US",1/22/2018,0.64,0,0,47,35,46,
USC00111497,"CHICAGO BOTANIC GARDEN, IL US",1/23/2018,0.18,1.5,2,53,30,30,
USC00111497,"CHICAGO BOTANIC GARDEN, IL US",1/24/2018,0,0,2,30,25,27,
USC00111497,"CHICAGO BOTANIC GARDEN, IL US",1/25/2018,0,0,1,30,23,29,
USC00111497,"CHICAGO BOTANIC GARDEN, IL US",1/26/2018,0,0,0,45,25,40,
USC00111497,"CHICAGO BOTANIC GARDEN, IL US",1/27/2018,0,0,0,52,39,40,
USC00111497,"CHICAGO BOTANIC GARDEN, IL US",1/28/2018,0,0,0,49,25,33,
USC00111497,"CHICAGO BOTANIC GARDEN, IL US",1/29/2018,0.01,0.1,0,38,23,24,
USC00111497,"CHICAGO BOTANIC GARDEN, IL US",1/30/2018,0,0,0,25,12,17,
USC00111497,"CHICAGO BOTANIC GARDEN, IL US",1/31/2018,0,0,0,34,17,34,
USC00111497,"CHICAGO BOTANIC GARDEN, IL US",2/1/2018,0,0,0,42,21,22,
USC00111497,"CHICAGO BOTANIC GARDEN, IL US",2/2/2018,0,0,0,22,3,5,
USC00111497,"CHICAGO BOTANIC GARDEN, IL US",2/3/2018,0,0,0,25,5,25,
USC00111497,"CHICAGO BOTANIC GARDEN, IL US",2/4/2018,0.11,1.1,2,40,20,21,
USC00111497,"CHICAGO BOTANIC GARDEN, IL US",2/5/2018,0.06,0.7,2,21,-4,3,
USC00111497,"CHICAGO BOTANIC GARDEN, IL US",2/6/2018,0.18,2,4,15,1,4,
USC00111497,"CHICAGO BOTANIC GARDEN, IL US",2/7/2018,0.8,1.5,5,25,4,15,
USC00111497,"CHICAGO BOTANIC GARDEN, IL US",2/8/2018,0,0,5,23,0,11,
USC00111497,"CHICAGO BOTANIC GARDEN, IL US",2/9/2018,0.62,6.4,12,28,11,27,
USC00111497,"CHICAGO BOTANIC GARDEN, IL US",2/10/2018,0.06,0.6,12,28,14,15,
USC00111497,"CHICAGO BOTANIC GARDEN, IL US",2/11/2018,0.34,3.8,13,25,15,19,
USC00111497,"CHICAGO BOTANIC GARDEN, IL US",2/12/2018,0.05,0.5,13,25,6,11,
USC00111497,"CHICAGO BOTANIC GARDEN, IL US",2/13/2018,0,0,12,29,4,14,
USC00111497,"CHICAGO BOTANIC GARDEN, IL US",2/14/2018,0,0,10,38,14,30,
USC00111497,"CHICAGO BOTANIC GARDEN, IL US",2/15/2018,0,0,6,48,29,40,
USC00111497,"CHICAGO BOTANIC GARDEN, IL US",2/16/2018,0,0,3,51,31,32,
USC00111497,"CHICAGO BOTANIC GARDEN, IL US",2/17/2018,0,0,3,36,15,21,
USC00111497,"CHICAGO BOTANIC GARDEN, IL US",2/18/2018,0.11,2,6,37,14,20,
USC00111497,"CHICAGO BOTANIC GARDEN, IL US",2/19/2018,0,0,2,41,20,41,
USC00111497,"CHICAGO BOTANIC GARDEN, IL US",2/20/2018,1.33,0,0,59,38,57,
USC00111497,"CHICAGO BOTANIC GARDEN, IL US",2/21/2018,1.02,0,0,64,25,27,
USC00111497,"CHICAGO BOTANIC GARDEN, IL US",2/22/2018,0,0,0,34,26,34,
USC00111497,"CHICAGO BOTANIC GARDEN, IL US",2/23/2018,0.06,0,0,42,33,42,
USC00111497,"CHICAGO BOTANIC GARDEN, IL US",2/24/2018,0,0,0,44,31,34,
USC00111497,"CHICAGO BOTANIC GARDEN, IL US",2/25/2018,0.18,,,48,34,35,
USC00111497,"CHICAGO BOTANIC GARDEN, IL US",2/26/2018,0,0,0,48,27,35,
USC00111497,"CHICAGO BOTANIC GARDEN, IL US",2/27/2018,0,0,0,55,35,46,
USC00111497,"CHICAGO BOTANIC GARDEN, IL US",2/28/2018,0,0,0,63,40,50,
USC00111497,"CHICAGO BOTANIC GARDEN, IL US",3/1/2018,0.77,0,0,61,34,35,
USC00111497,"CHICAGO BOTANIC GARDEN, IL US",3/2/2018,0,0,0,40,27,31,
USC00111497,"CHICAGO BOTANIC GARDEN, IL US",3/3/2018,0,0,0,44,21,34,
USC00111497,"CHICAGO BOTANIC GARDEN, IL US",3/4/2018,0,0,0,40,30,35,
USC00111497,"CHICAGO BOTANIC GARDEN, IL US",3/5/2018,0,0,0,43,32,33,
USC00111497,"CHICAGO BOTANIC GARDEN, IL US",3/6/2018,0.13,0.7,1,39,32,35,
USC00111497,"CHICAGO BOTANIC GARDEN, IL US",3/7/2018,0.15,0.1,0,40,24,28,
USC00111497,"CHICAGO BOTANIC GARDEN, IL US",3/8/2018,0,0,0,35,21,24,
USC00111497,"CHICAGO BOTANIC GARDEN, IL US",3/9/2018,0,0,0,36,21,25,
USC00111497,"CHICAGO BOTANIC GARDEN, IL US",3/10/2018,0,0,0,39,19,31,
USC00111497,"CHICAGO BOTANIC GARDEN, IL US",3/11/2018,0,0,0,41,27,32,
USC00111497,"CHICAGO BOTANIC GARDEN, IL US",3/12/2018,0,0,0,39,25,36,
USC00111497,"CHICAGO BOTANIC GARDEN, IL US",3/13/2018,0,0,0,45,25,30,
USC00111497,"CHICAGO BOTANIC GARDEN, IL US",3/14/2018,0.05,1.3,1,35,19,24,
USC00111497,"CHICAGO BOTANIC GARDEN, IL US",3/15/2018,0,0,0,48,24,30,
USC00111497,"CHICAGO BOTANIC GARDEN, IL US",3/16/2018,0,0,0,44,28,29,
USC00111497,"CHICAGO BOTANIC GARDEN, IL US",3/17/2018,0,0,0,37,29,34,
USC00111497,"CHICAGO BOTANIC GARDEN, IL US",3/18/2018,0,0,0,43,24,30,
USC00111497,"CHICAGO BOTANIC GARDEN, IL US",3/19/2018,0,0,0,58,29,36,
USC00111497,"CHICAGO BOTANIC GARDEN, IL US",3/20/2018,0,0,0,44,27,30,
USC00111497,"CHICAGO BOTANIC GARDEN, IL US",3/21/2018,0,0,0,35,28,32,
USC00111497,"CHICAGO BOTANIC GARDEN, IL US",3/22/2018,0,0,0,40,23,28,
USC00111497,"CHICAGO BOTANIC GARDEN, IL US",3/23/2018,0,0,0,45,22,33,
USC00111497,"CHICAGO BOTANIC GARDEN, IL US",3/24/2018,0,0,0,42,31,34,
USC00111497,"CHICAGO BOTANIC GARDEN, IL US",3/25/2018,0,0,0,39,26,29,
USC00111497,"CHICAGO BOTANIC GARDEN, IL US",3/26/2018,0,0,0,39,28,34,
USC00111497,"CHICAGO BOTANIC GARDEN, IL US",3/27/2018,0.24,0,0,51,34,51,
USC00111497,"CHICAGO BOTANIC GARDEN, IL US",3/28/2018,0,0,0,51,35,38,
USC00111497,"CHICAGO BOTANIC GARDEN, IL US",3/29/2018,0.05,0,0,49,38,44,
USC00111497,"CHICAGO BOTANIC GARDEN, IL US",3/30/2018,0,0,0,49,32,36,
USC00111497,"CHICAGO BOTANIC GARDEN, IL US",3/31/2018,0,0,0,44,30,42,
USC00111497,"CHICAGO BOTANIC GARDEN, IL US",4/1/2018,0.13,0,0,56,23,25,
USC00111497,"CHICAGO BOTANIC GARDEN, IL US",4/2/2018,0,0,0,36,21,27,
USC00111497,"CHICAGO BOTANIC GARDEN, IL US",4/3/2018,0,0,0,40,27,37,
USC00111497,"CHICAGO BOTANIC GARDEN, IL US",4/4/2018,0.22,0.5,1,38,25,27,
USC00111497,"CHICAGO BOTANIC GARDEN, IL US",4/5/2018,0,0,0,36,21,27,
USC00111497,"CHICAGO BOTANIC GARDEN, IL US",4/6/2018,0.06,0,0,45,26,36,
USC00111497,"CHICAGO BOTANIC GARDEN, IL US",4/7/2018,0,0,0,40,18,21,
USC00111497,"CHICAGO BOTANIC GARDEN, IL US",4/8/2018,0,0,0,39,19,26,
USC00111497,"CHICAGO BOTANIC GARDEN, IL US",4/9/2018,0.12,1.8,2,38,25,31,
USC00111497,"CHICAGO BOTANIC GARDEN, IL US",4/10/2018,0.03,0,0,37,26,33,
USC00111497,"CHICAGO BOTANIC GARDEN, IL US",4/11/2018,0,0,0,48,33,42,
USC00111497,"CHICAGO BOTANIC GARDEN, IL US",4/12/2018,0.12,0,0,65,40,59,
USC00111497,"CHICAGO BOTANIC GARDEN, IL US",4/13/2018,0,0,0,73,37,42,
USC00111497,"CHICAGO BOTANIC GARDEN, IL US",4/14/2018,0.65,0,0,44,36,37,
USC00111497,"CHICAGO BOTANIC GARDEN, IL US",4/15/2018,0.69,0,0,38,33,34,
USC00111497,"CHICAGO BOTANIC GARDEN, IL US",4/16/2018,0.43,0.5,0,36,27,28,
USC00111497,"CHICAGO BOTANIC GARDEN, IL US",4/17/2018,0,0,0,35,28,32,
USC00111497,"CHICAGO BOTANIC GARDEN, IL US",4/18/2018,0,0,0,45,25,35,
USC00111497,"CHICAGO BOTANIC GARDEN, IL US",4/19/2018,0.31,0,0,38,32,38,
USC00111497,"CHICAGO BOTANIC GARDEN, IL US",4/20/2018,0,0,0,51,29,42,
USC00111497,"CHICAGO BOTANIC GARDEN, IL US",4/21/2018,0,0,0,56,31,40,
USC00111497,"CHICAGO BOTANIC GARDEN, IL US",4/22/2018,0,0,0,49,37,43,
USC00111497,"CHICAGO BOTANIC GARDEN, IL US",4/23/2018,0,0,0,56,37,45,
USC00111497,"CHICAGO BOTANIC GARDEN, IL US",4/24/2018,0,0,0,57,43,48,
USC00111497,"CHICAGO BOTANIC GARDEN, IL US",4/25/2018,0,0,0,59,40,43,
USC00111497,"CHICAGO BOTANIC GARDEN, IL US",4/26/2018,0,0,0,48,30,43,
USC00111497,"CHICAGO BOTANIC GARDEN, IL US",4/27/2018,0,0,0,63,41,45,
USC00111497,"CHICAGO BOTANIC GARDEN, IL US",4/28/2018,0.07,0,0,52,36,39,
USC00111497,"CHICAGO BOTANIC GARDEN, IL US",4/29/2018,0,0,0,47,28,40,
USC00111497,"CHICAGO BOTANIC GARDEN, IL US",4/30/2018,0,0,0,53,33,51,
USC00111497,"CHICAGO BOTANIC GARDEN, IL US",5/1/2018,0,0,0,80,51,65,
USC00111497,"CHICAGO BOTANIC GARDEN, IL US",5/2/2018,0,0,0,86,65,72,
USC00111497,"CHICAGO BOTANIC GARDEN, IL US",5/3/2018,2.36,0,0,87,49,50,32.9
USC00111497,"CHICAGO BOTANIC GARDEN, IL US",5/4/2018,0,,,67,43,61,31.7
USC00111497,"CHICAGO BOTANIC GARDEN, IL US",5/5/2018,0.01,0,0,75,51,62,29.2
USC00111497,"CHICAGO BOTANIC GARDEN, IL US",5/6/2018,0,0,0,83,48,56,19.9
USC00111497,"CHICAGO BOTANIC GARDEN, IL US",5/7/2018,0,0,0,63,43,53,29.2
USC00111497,"CHICAGO BOTANIC GARDEN, IL US",5/8/2018,0,0,0,70,53,65,14.3
USC00111497,"CHICAGO BOTANIC GARDEN, IL US",5/9/2018,0.19,0,0,82,56,57,21.1
USC00111497,"CHICAGO BOTANIC GARDEN, IL US",5/10/2018,0.3,,,82,56,62,42.3
USC00111497,"CHICAGO BOTANIC GARDEN, IL US",5/11/2018,0.2,,,69,43,45,16.8
USC00111497,"CHICAGO BOTANIC GARDEN, IL US",5/12/2018,0.04,0,0,50,42,43,16.2
USC00111497,"CHICAGO BOTANIC GARDEN, IL US",5/13/2018,0.91,0,0,49,43,48,14.9
USC00111497,"CHICAGO BOTANIC GARDEN, IL US",5/14/2018,1.28,0,0,60,46,60,5
USC00111497,"CHICAGO BOTANIC GARDEN, IL US",5/15/2018,0.78,0,0,82,57,59,11.8
USC00111497,"CHICAGO BOTANIC GARDEN, IL US",5/16/2018,0,0,0,69,43,57,28
USC00111497,"CHICAGO BOTANIC GARDEN, IL US",5/17/2018,0,,,77,49,52,
USC00111497,"CHICAGO BOTANIC GARDEN, IL US",5/18/2018,0,,,59,47,52,34.8
USC00111497,"CHICAGO BOTANIC GARDEN, IL US",5/19/2018,0.21,0,0,60,48,51,19.9
USC00111497,"CHICAGO BOTANIC GARDEN, IL US",5/20/2018,0.03,0,0,61,42,43,19.3
USC00111497,"CHICAGO BOTANIC GARDEN, IL US",5/21/2018,0.88,0,0,49,42,49,29.8
USC00111497,"CHICAGO BOTANIC GARDEN, IL US",5/22/2018,1.3,0,0,56,48,55,1.9
USC00111497,"CHICAGO BOTANIC GARDEN, IL US",5/23/2018,0,0,0,63,46,62,1.2
USC00111497,"CHICAGO BOTANIC GARDEN, IL US",5/24/2018,0,,,76,51,65,1.9
USC00111497,"CHICAGO BOTANIC GARDEN, IL US",5/25/2018,0,,,86,60,73,9.9
USC00111497,"CHICAGO BOTANIC GARDEN, IL US",5/26/2018,0.09,0,0,90,67,73,8.7
USC00111497,"CHICAGO BOTANIC GARDEN, IL US",5/27/2018,0,0,0,88,62,76,3.1
USC00111497,"CHICAGO BOTANIC GARDEN, IL US",5/28/2018,0,0,0,93,65,78,1.9
USC00111497,"CHICAGO BOTANIC GARDEN, IL US",5/29/2018,0,0,0,92,62,65,11.8
USC00111497,"CHICAGO BOTANIC GARDEN, IL US",5/30/2018,0,0,0,72,60,70,8.1
USC00111497,"CHICAGO BOTANIC GARDEN, IL US",5/31/2018,0.2,,,84,67,74,3.7
USC00111497,"CHICAGO BOTANIC GARDEN, IL US",6/1/2018,0,,,89,55,56,9.9
USC00111497,"CHICAGO BOTANIC GARDEN, IL US",6/2/2018,0,0,0,60,49,55,70.8
USC00111497,"CHICAGO BOTANIC GARDEN, IL US",6/3/2018,0.22,0,0,63,54,62,5
USC00111497,"CHICAGO BOTANIC GARDEN, IL US",6/4/2018,0,0,0,78,52,61,19.9
USC00111497,"CHICAGO BOTANIC GARDEN, IL US",6/5/2018,0,0,0,81,54,55,14.9
USC00111497,"CHICAGO BOTANIC GARDEN, IL US",6/6/2018,0,0,0,58,46,55,24.2
USC00111497,"CHICAGO BOTANIC GARDEN, IL US",6/7/2018,0.05,,,74,54,64,3.1
USC00111497,"CHICAGO BOTANIC GARDEN, IL US",6/8/2018,0,0,0,77,54,57,13
USC00111497,"CHICAGO BOTANIC GARDEN, IL US",6/9/2018,2.8,0,0,69,53,57,5
USC00111497,"CHICAGO BOTANIC GARDEN, IL US",6/10/2018,0.36,,,74,54,64,
USC00111497,"CHICAGO BOTANIC GARDEN, IL US",6/11/2018,0.18,0,0,65,55,58,6.2
USC00111497,"CHICAGO BOTANIC GARDEN, IL US",6/12/2018,0.01,0,0,67,56,66,3.1
USC00111497,"CHICAGO BOTANIC GARDEN, IL US",6/13/2018,0,0,0,78,62,73,1.9
USC00111497,"CHICAGO BOTANIC GARDEN, IL US",6/14/2018,0,0,0,82,55,68,8.1
USC00111497,"CHICAGO BOTANIC GARDEN, IL US",6/15/2018,0,0,0,81,57,73,1.9
USC00111497,"CHICAGO BOTANIC GARDEN, IL US",6/16/2018,1.12,0,0,84,65,74,23
USC00111497,"CHICAGO BOTANIC GARDEN, IL US",6/17/2018,0,0,0,91,74,82,14.3
USC00111497,"CHICAGO BOTANIC GARDEN, IL US",6/18/2018,0,0,0,95,78,83,29.8
USC00111497,"CHICAGO BOTANIC GARDEN, IL US",6/19/2018,0.59,0,0,95,60,65,26.1
USC00111497,"CHICAGO BOTANIC GARDEN, IL US",6/20/2018,0.02,0,0,75,59,63,34.8
USC00111497,"CHICAGO BOTANIC GARDEN, IL US",6/21/2018,0.08,0,0,72,59,63,8.1
USC00111497,"CHICAGO BOTANIC GARDEN, IL US",6/22/2018,1.98,0,0,64,57,58,14.3
USC00111497,"CHICAGO BOTANIC GARDEN, IL US",6/23/2018,0.3,0,0,64,57,63,34.8
USC00111497,"CHICAGO BOTANIC GARDEN, IL US",6/24/2018,0,0,0,79,60,66,5
USC00111497,"CHICAGO BOTANIC GARDEN, IL US",6/25/2018,0,0,0,75,58,65,13
USC00111497,"CHICAGO BOTANIC GARDEN, IL US",6/26/2018,0,0,0,75,63,65,14.9
USC00111497,"CHICAGO BOTANIC GARDEN, IL US",6/27/2018,2.04,0,0,80,62,70,6.2
USC00111497,"CHICAGO BOTANIC GARDEN, IL US",6/28/2018,0,,,77,60,71,5
USC00111497,"CHICAGO BOTANIC GARDEN, IL US",6/29/2018,0,,,83,64,78,3.7
USC00111497,"CHICAGO BOTANIC GARDEN, IL US",6/30/2018,0,0,0,96,77,81,37.3
USC00111497,"CHICAGO BOTANIC GARDEN, IL US",7/1/2018,0,0,0,97,78,81,37.3
USC00111497,"CHICAGO BOTANIC GARDEN, IL US",7/2/2018,0.12,0,0,93,66,70,34.8
USC00111497,"CHICAGO BOTANIC GARDEN, IL US",7/3/2018,0,0,0,82,58,69,1.9
USC00111497,"CHICAGO BOTANIC GARDEN, IL US",7/4/2018,0,0,0,85,68,74,3.1
USC00111497,"CHICAGO BOTANIC GARDEN, IL US",7/5/2018,0,,,93,73,78,11.8
USC00111497,"CHICAGO BOTANIC GARDEN, IL US",7/6/2018,1.06,,,94,64,68,14.9
USC00111497,"CHICAGO BOTANIC GARDEN, IL US",7/7/2018,0,0,0,75,55,62,28
USC00111497,"CHICAGO BOTANIC GARDEN, IL US",7/8/2018,0,0,0,79,57,68,3.1
USC00111497,"CHICAGO BOTANIC GARDEN, IL US",7/9/2018,0,0,0,83,61,73,6.2
USC00111497,"CHICAGO BOTANIC GARDEN, IL US",7/10/2018,0,0,0,92,71,73,14.3
USC00111497,"CHICAGO BOTANIC GARDEN, IL US",7/11/2018,0,0,0,84,64,70,14.9
USC00111497,"CHICAGO BOTANIC GARDEN, IL US",7/12/2018,0,,,83,64,75,5
USC00111497,"CHICAGO BOTANIC GARDEN, IL US",7/13/2018,0,,,87,70,75,28
USC00111497,"CHICAGO BOTANIC GARDEN, IL US",7/14/2018,0.06,0,0,93,71,72,14.9
USC00111497,"CHICAGO BOTANIC GARDEN, IL US",7/15/2018,0.1,0,0,80,68,73,1.2
USC00111497,"CHICAGO BOTANIC GARDEN, IL US",7/16/2018,0,0,0,87,71,80,3.7
USC00111497,"CHICAGO BOTANIC GARDEN, IL US",7/17/2018,1.07,0,0,90,64,71,3.7
USC00111497,"CHICAGO BOTANIC GARDEN, IL US",7/18/2018,0,0,0,79,59,67,11.8
USC00111497,"CHICAGO BOTANIC GARDEN, IL US",7/19/2018,0,,,78,58,68,3.7
USC00111497,"CHICAGO BOTANIC GARDEN, IL US",7/20/2018,0,,,85,66,74,49.7
USC00111497,"CHICAGO BOTANIC GARDEN, IL US",7/21/2018,0.13,0,0,82,67,67,24.2
USC00111497,"CHICAGO BOTANIC GARDEN, IL US",7/22/2018,0.17,0,0,82,67,68,88.2
USC00111497,"CHICAGO BOTANIC GARDEN, IL US",7/23/2018,0.05,0,0,75,65,68,55.9
USC00111497,"CHICAGO BOTANIC GARDEN, IL US",7/24/2018,0,0,0,78,63,71,8.7
USC00111497,"CHICAGO BOTANIC GARDEN, IL US",7/25/2018,0,0,0,82,64,71,3.1
USC00111497,"CHICAGO BOTANIC GARDEN, IL US",7/26/2018,0,,,88,69,71,8.1
USC00111497,"CHICAGO BOTANIC GARDEN, IL US",7/27/2018,0,,,81,60,64,14.3
USC00111497,"CHICAGO BOTANIC GARDEN, IL US",7/28/2018,0,0,0,79,56,65,9.9
USC00111497,"CHICAGO BOTANIC GARDEN, IL US",7/29/2018,0,0,0,81,57,66,3.7
USC00111497,"CHICAGO BOTANIC GARDEN, IL US",7/30/2018,0,0,0,81,58,66,5
USC00111497,"CHICAGO BOTANIC GARDEN, IL US",7/31/2018,0,0,0,81,63,70,8.1
USC00111497,"CHICAGO BOTANIC GARDEN, IL US",8/1/2018,0,0,0,79,60,70,5
USC00111497,"CHICAGO BOTANIC GARDEN, IL US",8/2/2018,0,,,88,69,72,16.2
USC00111497,"CHICAGO BOTANIC GARDEN, IL US",8/3/2018,0.04,,,86,63,71,6.8
USC00111497,"CHICAGO BOTANIC GARDEN, IL US",8/4/2018,0,0,0,81,65,75,6.2
USC00111497,"CHICAGO BOTANIC GARDEN, IL US",8/5/2018,0.02,0,0,97,75,78,36
USC00111497,"CHICAGO BOTANIC GARDEN, IL US",8/6/2018,0.05,0,0,95,67,70,29.8
USC00111497,"CHICAGO BOTANIC GARDEN, IL US",8/7/2018,0.56,0,0,79,66,70,3.7
USC00111497,"CHICAGO BOTANIC GARDEN, IL US",8/8/2018,0.65,0,0,82,66,72,6.8
USC00111497,"CHICAGO BOTANIC GARDEN, IL US",8/9/2018,0,,,81,67,75,5
USC00111497,"CHICAGO BOTANIC GARDEN, IL US",8/10/2018,0.08,,,91,71,75,11.8
USC00111497,"CHICAGO BOTANIC GARDEN, IL US",8/11/2018,0,0,0,81,63,68,14.3
USC00111497,"CHICAGO BOTANIC GARDEN, IL US",8/12/2018,0,0,0,88,64,70,1.2
USC00111497,"CHICAGO BOTANIC GARDEN, IL US",8/13/2018,0,0,0,85,63,67,3.1
USC00111497,"CHICAGO BOTANIC GARDEN, IL US",8/14/2018,0,0,0,87,65,72,9.9
USC00111497,"CHICAGO BOTANIC GARDEN, IL US",8/15/2018,0,0,0,90,68,75,6.2
USC00111497,"CHICAGO BOTANIC GARDEN, IL US",8/16/2018,0,0,0,86,67,73,8.1
USC00111497,"CHICAGO BOTANIC GARDEN, IL US",8/17/2018,0.15,,,84,67,69,6.8
USC00111497,"CHICAGO BOTANIC GARDEN, IL US",8/18/2018,0,0,0,83,68,72,5
USC00111497,"CHICAGO BOTANIC GARDEN, IL US",8/19/2018,0,0,0,80,64,70,21.1
USC00111497,"CHICAGO BOTANIC GARDEN, IL US",8/20/2018,0,0,0,84,69,73,8.7
USC00111497,"CHICAGO BOTANIC GARDEN, IL US",8/21/2018,0.4,0,0,76,67,70,18
USC00111497,"CHICAGO BOTANIC GARDEN, IL US",8/22/2018,0.19,0,0,77,55,63,47.8
USC00111497,"CHICAGO BOTANIC GARDEN, IL US",8/23/2018,0,,,80,54,62,14.3
USC00111497,"CHICAGO BOTANIC GARDEN, IL US",8/24/2018,0,,,82,60,68,16.2
USC00111497,"CHICAGO BOTANIC GARDEN, IL US",8/25/2018,1,,,74,68,69,16.8
USC00111497,"CHICAGO BOTANIC GARDEN, IL US",8/26/2018,0.01,,,87,66,71,156
USC00111497,"CHICAGO BOTANIC GARDEN, IL US",8/27/2018,0,0,0,93,71,79,36
USC00111497,"CHICAGO BOTANIC GARDEN, IL US",8/28/2018,0.46,0,0,93,67,69,60.3
USC00111497,"CHICAGO BOTANIC GARDEN, IL US",8/29/2018,1.79,0,0,89,65,70,31.7
USC00111497,"CHICAGO BOTANIC GARDEN, IL US",8/30/2018,0.01,,,75,57,65,5
USC00111497,"CHICAGO BOTANIC GARDEN, IL US",8/31/2018,0,,,73,55,65,3.7
USC00111497,"CHICAGO BOTANIC GARDEN, IL US",9/1/2018,0.13,0,0,83,64,73,29.2
USC00111497,"CHICAGO BOTANIC GARDEN, IL US",9/2/2018,0.74,0,0,85,68,70,11.2
USC00111497,"CHICAGO BOTANIC GARDEN, IL US",9/3/2018,1.08,,,90,69,70,19.3
USC00111497,"CHICAGO BOTANIC GARDEN, IL US",9/4/2018,0.39,0,0,83,70,75,6.8
USC00111497,"CHICAGO BOTANIC GARDEN, IL US",9/5/2018,0,0,0,92,75,79,21.7
USC00111497,"CHICAGO BOTANIC GARDEN, IL US",9/6/2018,0.45,0,0,91,64,65,29.2
USC00111497,"CHICAGO BOTANIC GARDEN, IL US",9/7/2018,0.06,,,69,63,68,8.1
USC00111497,"CHICAGO BOTANIC GARDEN, IL US",9/8/2018,0,0,0,72,63,64,8.1
USC00111497,"CHICAGO BOTANIC GARDEN, IL US",9/9/2018,0,0,0,70,58,60,11.8
USC00111497,"CHICAGO BOTANIC GARDEN, IL US",9/10/2018,0,0,0,72,59,63,11.2
USC00111497,"CHICAGO BOTANIC GARDEN, IL US",9/11/2018,0,0,0,72,53,60,14.3
USC00111497,"CHICAGO BOTANIC GARDEN, IL US",9/12/2018,0,0,0,78,58,66,6.8
USC00111497,"CHICAGO BOTANIC GARDEN, IL US",9/13/2018,0,0,0,80,54,60,5
USC00111497,"CHICAGO BOTANIC GARDEN, IL US",9/14/2018,0,0,0,76,58,64,3.1
USC00111497,"CHICAGO BOTANIC GARDEN, IL US",9/15/2018,0,0,0,83,58,65,0
USC00111497,"CHICAGO BOTANIC GARDEN, IL US",9/16/2018,0,0,0,80,65,70,1.9
USC00111497,"CHICAGO BOTANIC GARDEN, IL US",9/17/2018,0,0,0,84,65,68,0
USC00111497,"CHICAGO BOTANIC GARDEN, IL US",9/18/2018,0,0,0,89,65,67,9.9
USC00111497,"CHICAGO BOTANIC GARDEN, IL US",9/19/2018,0.03,0,0,72,64,67,14.3
USC00111497,"CHICAGO BOTANIC GARDEN, IL US",9/20/2018,0.43,,0,75,63,70,6.8
USC00111497,"CHICAGO BOTANIC GARDEN, IL US",9/21/2018,0.02,0,0,89,68,74,42.3
USC00111497,"CHICAGO BOTANIC GARDEN, IL US",9/22/2018,0,0,0,75,52,56,42.3
USC00111497,"CHICAGO BOTANIC GARDEN, IL US",9/23/2018,0,0,0,66,46,51,6.8
USC00111497,"CHICAGO BOTANIC GARDEN, IL US",9/24/2018,0,0,0,70,50,63,8.1
USC00111497,"CHICAGO BOTANIC GARDEN, IL US",9/25/2018,0.02,0,0,74,62,71,8.1
USC00111497,"CHICAGO BOTANIC GARDEN, IL US",9/26/2018,0.12,0,0,82,49,51,19.3
USC00111497,"CHICAGO BOTANIC GARDEN, IL US",9/27/2018,0,0,0,67,44,48,6.8
USC00111497,"CHICAGO BOTANIC GARDEN, IL US",9/28/2018,0,0,0,70,48,57,11.8
USC00111497,"CHICAGO BOTANIC GARDEN, IL US",9/29/2018,0.11,0,0,60,38,41,1.2
USC00111497,"CHICAGO BOTANIC GARDEN, IL US",9/30/2018,0.09,0,0,62,41,55,3.1
USC00111497,"CHICAGO BOTANIC GARDEN, IL US",10/1/2018,0.27,0,0,60,54,57,6.2
USC00111497,"CHICAGO BOTANIC GARDEN, IL US",10/2/2018,1.09,0,0,66,57,58,6.8
USC00111497,"CHICAGO BOTANIC GARDEN, IL US",10/3/2018,0.01,0,0,65,57,65,14.3
USC00111497,"CHICAGO BOTANIC GARDEN, IL US",10/4/2018,0,0,0,86,53,58,55.9
USC00111497,"CHICAGO BOTANIC GARDEN, IL US",10/5/2018,0.42,0,0,58,50,55,57.8
USC00111497,"CHICAGO BOTANIC GARDEN, IL US",10/6/2018,0.96,0,0,65,54,64,9.9
USC00111497,"CHICAGO BOTANIC GARDEN, IL US",10/7/2018,0.07,0,0,70,55,57,21.7
USC00111497,"CHICAGO BOTANIC GARDEN, IL US",10/8/2018,0.39,0,0,67,56,67,8.1
USC00111497,"CHICAGO BOTANIC GARDEN, IL US",10/9/2018,0,0,0,84,66,72,31.1
USC00111497,"CHICAGO BOTANIC GARDEN, IL US",10/10/2018,0,0,0,85,69,71,47.8
USC00111497,"CHICAGO BOTANIC GARDEN, IL US",10/11/2018,0.46,0,0,74,43,44,44.1
USC00111497,"CHICAGO BOTANIC GARDEN, IL US",10/12/2018,0,0,0,51,35,39,24.2
USC00111497,"CHICAGO BOTANIC GARDEN, IL US",10/13/2018,0,0,0,44,31,33,6.8
USC00111497,"CHICAGO BOTANIC GARDEN, IL US",10/14/2018,0,0,0,54,33,38,14.3
USC00111497,"CHICAGO BOTANIC GARDEN, IL US",10/15/2018,0.19,0,0,60,36,37,14.9
USC00111497,"CHICAGO BOTANIC GARDEN, IL US",10/16/2018,0,0,0,48,33,38,16.2
USC00111497,"CHICAGO BOTANIC GARDEN, IL US",10/17/2018,0,0,0,59,38,42,28
USC00111497,"CHICAGO BOTANIC GARDEN, IL US",10/18/2018,0,0,0,51,29,34,18
USC00111497,"CHICAGO BOTANIC GARDEN, IL US",10/19/2018,0,0,0,59,34,49,14.3
USC00111497,"CHICAGO BOTANIC GARDEN, IL US",10/20/2018,0.06,0,0,54,43,45,24.9
USC00111497,"CHICAGO BOTANIC GARDEN, IL US",10/21/2018,0,0,0,54,25,28,36
USC00111497,"CHICAGO BOTANIC GARDEN, IL US",10/22/2018,0,0,0,50,28,37,16.2
USC00111497,"CHICAGO BOTANIC GARDEN, IL US",10/23/2018,0,0,0,64,37,42,6.2
USC00111497,"CHICAGO BOTANIC GARDEN, IL US",10/24/2018,0,0,0,53,34,38,11.8
USC00111497,"CHICAGO BOTANIC GARDEN, IL US",10/25/2018,0,0,0,53,32,37,8.1
USC00111497,"CHICAGO BOTANIC GARDEN, IL US",10/26/2018,0,0,0,55,36,47,6.8
USC00111497,"CHICAGO BOTANIC GARDEN, IL US",10/27/2018,0,0,0,53,42,45,8.7
USC00111497,"CHICAGO BOTANIC GARDEN, IL US",10/28/2018,0.11,0,0,54,40,48,11.2
USC00111497,"CHICAGO BOTANIC GARDEN, IL US",10/29/2018,0.02,0,0,50,39,43,
USC00111497,"CHICAGO BOTANIC GARDEN, IL US",10/30/2018,0,0,0,55,43,50,
USC00111497,"CHICAGO BOTANIC GARDEN, IL US",10/31/2018,0.51,0,0,61,46,47,
USC00111497,"CHICAGO BOTANIC GARDEN, IL US",11/1/2018,0,0,0,59,45,49,
USC00111497,"CHICAGO BOTANIC GARDEN, IL US",11/2/2018,0,0,0,53,36,38,
USC00111497,"CHICAGO BOTANIC GARDEN, IL US",11/3/2018,0,0,0,51,30,32,
USC00111497,"CHICAGO BOTANIC GARDEN, IL US",11/4/2018,0.11,0,0,51,32,51,
USC00111497,"CHICAGO BOTANIC GARDEN, IL US",11/5/2018,0.43,0,0,52,43,46,
USC00111497,"CHICAGO BOTANIC GARDEN, IL US",11/6/2018,0.51,0,0,52,46,48,
USC00111497,"CHICAGO BOTANIC GARDEN, IL US",11/7/2018,0,0,0,48,35,36,
USC00111497,"CHICAGO BOTANIC GARDEN, IL US",11/8/2018,0,0,0,39,32,33,
USC00111497,"CHICAGO BOTANIC GARDEN, IL US",11/9/2018,0.1,0.6,1,41,31,32,
USC00111497,"CHICAGO BOTANIC GARDEN, IL US",11/10/2018,0,0,0,35,21,22,
USC00111497,"CHICAGO BOTANIC GARDEN, IL US",11/11/2018,0,0,0,35,22,32,
USC00111497,"CHICAGO BOTANIC GARDEN, IL US",11/12/2018,0,0,0,42,26,33,
USC00111497,"CHICAGO BOTANIC GARDEN, IL US",11/13/2018,0,0,0,35,18,21,
USC00111497,"CHICAGO BOTANIC GARDEN, IL US",11/14/2018,0,0,0,29,16,25,
USC00111497,"CHICAGO BOTANIC GARDEN, IL US",11/15/2018,0,0,0,35,24,35,
USC00111497,"CHICAGO BOTANIC GARDEN, IL US",11/16/2018,0.06,0,0,37,29,36,
USC00111497,"CHICAGO BOTANIC GARDEN, IL US",11/17/2018,0.05,0.5,0,40,31,32,
USC00111497,"CHICAGO BOTANIC GARDEN, IL US",11/18/2018,0.12,0,0,36,30,31,
USC00111497,"CHICAGO BOTANIC GARDEN, IL US",11/19/2018,0,0,0,38,23,26,
USC00111497,"CHICAGO BOTANIC GARDEN, IL US",11/20/2018,0,0,0,35,26,31,
USC00111497,"CHICAGO BOTANIC GARDEN, IL US",11/21/2018,0,0,0,38,29,33,
USC00111497,"CHICAGO BOTANIC GARDEN, IL US",11/22/2018,0.01,0.1,0,35,29,34,
USC00111497,"CHICAGO BOTANIC GARDEN, IL US",11/23/2018,0,0,0,39,34,39,
USC00111497,"CHICAGO BOTANIC GARDEN, IL US",11/24/2018,0.15,0,0,51,39,45,
USC00111497,"CHICAGO BOTANIC GARDEN, IL US",11/25/2018,0,0,0,48,38,39,
USC00111497,"CHICAGO BOTANIC GARDEN, IL US",11/26/2018,1.87,3.5,3,39,26,26,
USC00111497,"CHICAGO BOTANIC GARDEN, IL US",11/27/2018,0,0,3,27,22,23,
USC00111497,"CHICAGO BOTANIC GARDEN, IL US",11/28/2018,0,0,3,26,12,20,
USC00111497,"CHICAGO BOTANIC GARDEN, IL US",11/29/2018,0.06,1,4,30,19,30,
USC00111497,"CHICAGO BOTANIC GARDEN, IL US",11/30/2018,0,0,3,37,26,28,
USC00111497,"CHICAGO BOTANIC GARDEN, IL US",12/1/2018,0,0,2,43,27,37,
USC00111497,"CHICAGO BOTANIC GARDEN, IL US",12/2/2018,1.15,0,0,43,37,43,
USC00111497,"CHICAGO BOTANIC GARDEN, IL US",12/3/2018,0.13,0,0,44,32,34,
USC00111497,"CHICAGO BOTANIC GARDEN, IL US",12/4/2018,0,0,0,35,29,30,
USC00111497,"CHICAGO BOTANIC GARDEN, IL US",12/5/2018,0,0,0,31,25,26,
USC00111497,"CHICAGO BOTANIC GARDEN, IL US",12/6/2018,0,0,0,32,25,29,
USC00111497,"CHICAGO BOTANIC GARDEN, IL US",12/7/2018,0,0,0,30,13,18,
USC00111497,"CHICAGO BOTANIC GARDEN, IL US",12/8/2018,0,0,0,27,15,19,
USC00111497,"CHICAGO BOTANIC GARDEN, IL US",12/9/2018,0,0,0,32,15,17,
USC00111497,"CHICAGO BOTANIC GARDEN, IL US",12/10/2018,0,0,0,34,14,20,
USC00111497,"CHICAGO BOTANIC GARDEN, IL US",12/11/2018,0,0,0,37,19,27,
USC00111497,"CHICAGO BOTANIC GARDEN, IL US",12/12/2018,0,0,0,38,26,38,
USC00111497,"CHICAGO BOTANIC GARDEN, IL US",12/13/2018,0,0,0,44,21,25,
USC00111497,"CHICAGO BOTANIC GARDEN, IL US",12/14/2018,0.19,0,0,43,25,39,
USC00111497,"CHICAGO BOTANIC GARDEN, IL US",12/15/2018,0,0,0,42,25,38,
USC00111497,"CHICAGO BOTANIC GARDEN, IL US",12/16/2018,0,0,0,45,24,27,
USC00111497,"CHICAGO BOTANIC GARDEN, IL US",12/17/2018,0,0,0,48,27,33,
USC00111497,"CHICAGO BOTANIC GARDEN, IL US",12/18/2018,0,0,0,41,21,31,
USC00111497,"CHICAGO BOTANIC GARDEN, IL US",12/19/2018,0,0,0,45,31,38,
USC00111497,"CHICAGO BOTANIC GARDEN, IL US",12/20/2018,0.02,0,0,51,38,43,
USC00111497,"CHICAGO BOTANIC GARDEN, IL US",12/21/2018,0.11,0,0,46,34,34,
USC00111497,"CHICAGO BOTANIC GARDEN, IL US",12/22/2018,0,0,0,34,28,29,
USC00111497,"CHICAGO BOTANIC GARDEN, IL US",12/23/2018,0,0,0,35,29,30,
USC00111497,"CHICAGO BOTANIC GARDEN, IL US",12/24/2018,0,0,0,40,23,25,
USC00111497,"CHICAGO BOTANIC GARDEN, IL US",12/25/2018,0,0,0,34,23,33,
USC00111497,"CHICAGO BOTANIC GARDEN, IL US",12/26/2018,0,0,0,46,23,26,
USC00111497,"CHICAGO BOTANIC GARDEN, IL US",12/27/2018,0,0,0,49,26,40,
USC00111497,"CHICAGO BOTANIC GARDEN, IL US",12/28/2018,0.47,0,0,54,37,38,
USC00111497,"CHICAGO BOTANIC GARDEN, IL US",12/29/2018,0.11,0.1,0,38,26,27,
USC00111497,"CHICAGO BOTANIC GARDEN, IL US",12/30/2018,0.03,0.3,0,31,19,21,
USC00111497,"CHICAGO BOTANIC GARDEN, IL US",12/31/2018,0.06,0,1,37,21,36,
